Órgão;Unidade;Categoria Econômica;Grupo de despesa;Elemento;Subelemento;Dotação Inicial;Dotação Atualizada;Empenhado (P);Liquidado;Pago (P);P/E
"Camara da Cidade do Paulista";;;;;;15.482.400,00;15.482.400,00;0,00;0,00;0,00;0,00
;"CAMARA MUNICIPAL DO PAULISTA   ADMINISTRACAO DIRETA";;;;;15.482.400,00;15.482.400,00;0,00;0,00;0,00;0,00
;;"DESPESAS CORRENTES";;;;15.395.400,00;15.395.400,00;0,00;0,00;0,00;0,00
;;;"OUTRAS DESPESAS CORRENTES";;;1.728.000,00;1.728.000,00;0,00;0,00;0,00;0,00
;;;;"Auxilio Alimentacao";;1.000.000,00;1.000.000,00;0,00;0,00;0,00;0,00
;;;;;"SEM APLICACAO";1.000.000,00;1.000.000,00;0,00;0,00;0,00;0,00
;;;;"Despesas de Exercicios Anteriores";;5.000,00;5.000,00;0,00;0,00;0,00;0,00
;;;;;"SEM APLICACAO";5.000,00;5.000,00;0,00;0,00;0,00;0,00
;;;;"Diarias   Civil";;32.000,00;32.000,00;0,00;0,00;0,00;0,00
;;;;;"SEM APLICACAO";32.000,00;32.000,00;0,00;0,00;0,00;0,00
;;;;"Indenizacoes e Restituicoes";;5.000,00;5.000,00;0,00;0,00;0,00;0,00
;;;;;"SEM APLICACAO";5.000,00;5.000,00;0,00;0,00;0,00;0,00
;;;;"Material de Consumo";;57.000,00;57.000,00;0,00;0,00;0,00;0,00
;;;;;"SEM APLICACAO";57.000,00;57.000,00;0,00;0,00;0,00;0,00
;;;;"Outros Beneficios Assistenciais";;100.000,00;100.000,00;0,00;0,00;0,00;0,00
;;;;;"SEM APLICACAO";100.000,00;100.000,00;0,00;0,00;0,00;0,00
;;;;"Outros Servicos de Terceiros   Pessoa Fisica";;12.000,00;12.000,00;0,00;0,00;0,00;0,00
;;;;;"SEM APLICACAO";12.000,00;12.000,00;0,00;0,00;0,00;0,00
;;;;"Outros Servicos de Terceiros   Pessoa Juridica";;397.000,00;397.000,00;0,00;0,00;0,00;0,00
;;;;;"SEM APLICACAO";397.000,00;397.000,00;0,00;0,00;0,00;0,00
;;;;"Servicos de Consultoria";;120.000,00;120.000,00;0,00;0,00;0,00;0,00
;;;;;"SEM APLICACAO";120.000,00;120.000,00;0,00;0,00;0,00;0,00
;;;"PESSOAL E ENCARGOS SOCIAIS";;;13.667.400,00;13.667.400,00;0,00;0,00;0,00;0,00
;;;;"Contribuicoes Patronais  19  I ";;2.670.000,00;2.670.000,00;0,00;0,00;0,00;0,00
;;;;;"SEM APLICACAO";650.000,00;650.000,00;0,00;0,00;0,00;0,00
;;;;;"SEM APLICACAO";2.020.000,00;2.020.000,00;0,00;0,00;0,00;0,00
;;;;"Outras Despesas Variaveis   Pessoal Civil";;5.000,00;5.000,00;0,00;0,00;0,00;0,00
;;;;;"SEM APLICACAO";5.000,00;5.000,00;0,00;0,00;0,00;0,00
;;;;"Sentencas Judiciais";;5.000,00;5.000,00;0,00;0,00;0,00;0,00
;;;;;"SEM APLICACAO";5.000,00;5.000,00;0,00;0,00;0,00;0,00
;;;;"Vencimentos e Vantagens Fixas   Pessoal Civil";;10.987.400,00;10.987.400,00;0,00;0,00;0,00;0,00
;;;;;"SEM APLICACAO";10.987.400,00;10.987.400,00;0,00;0,00;0,00;0,00
;;"DESPESAS DE CAPITAL";;;;87.000,00;87.000,00;0,00;0,00;0,00;0,00
;;;"INVESTIMENTOS";;;87.000,00;87.000,00;0,00;0,00;0,00;0,00
;;;;"Equipamentos e Material Permanente";;57.000,00;57.000,00;0,00;0,00;0,00;0,00
;;;;;"SEM APLICACAO";57.000,00;57.000,00;0,00;0,00;0,00;0,00
;;;;"Obras e Instalacoes";;30.000,00;30.000,00;0,00;0,00;0,00;0,00
;;;;;"SEM APLICACAO";30.000,00;30.000,00;0,00;0,00;0,00;0,00
"Conselho Municipal dos Direitos da Crianca e do Adolecente da Cidade do Paulista";;;;;;1.435.300,00;1.435.300,00;1.241.027,24;0,00;0,00;0,00
;"CONSELHO FUNDO MUNICIPAL DA CRIANCA E DO ADOLESCENTE";;;;;1.435.300,00;1.435.300,00;1.241.027,24;0,00;0,00;0,00
;;"DESPESAS CORRENTES";;;;1.434.300,00;1.434.300,00;1.241.027,24;0,00;0,00;0,00
;;;"OUTRAS DESPESAS CORRENTES";;;1.434.300,00;1.434.300,00;1.241.027,24;0,00;0,00;0,00
;;;;"Diarias   Civil";;1.000,00;1.000,00;0,00;0,00;0,00;0,00
;;;;;"SEM APLICACAO";1.000,00;1.000,00;0,00;0,00;0,00;0,00
;;;;"Indenizacoes e Restituicoes";;2.000,00;2.000,00;0,00;0,00;0,00;0,00
;;;;;"SEM APLICACAO";2.000,00;2.000,00;0,00;0,00;0,00;0,00
;;;;"Material de Consumo";;7.500,00;7.500,00;0,00;0,00;0,00;0,00
;;;;;"SEM APLICACAO";7.500,00;7.500,00;0,00;0,00;0,00;0,00
;;;;"Obrigacoes Tributarias e Contributivas";;1.000,00;1.000,00;0,00;0,00;0,00;0,00
;;;;;"SEM APLICACAO";1.000,00;1.000,00;0,00;0,00;0,00;0,00
;;;;"Outros Servicos de Terceiros   Pessoa Fisica";;1.000,00;1.000,00;0,00;0,00;0,00;0,00
;;;;;"SEM APLICACAO";1.000,00;1.000,00;0,00;0,00;0,00;0,00
;;;;"Outros Servicos de Terceiros   Pessoa Juridica";;424.000,00;424.000,00;268.988,10;0,00;0,00;0,00
;;;;;"SEM APLICACAO";424.000,00;424.000,00;268.988,10;0,00;0,00;0,00
;;;;"Passagens e Despesas com Locomocao";;1.000,00;1.000,00;0,00;0,00;0,00;0,00
;;;;;"SEM APLICACAO";1.000,00;1.000,00;0,00;0,00;0,00;0,00
;;;;"Servicos de Consultoria";;1.000,00;1.000,00;0,00;0,00;0,00;0,00
;;;;;"SEM APLICACAO";1.000,00;1.000,00;0,00;0,00;0,00;0,00
;;;;"Subvencoes Sociais";;995.800,00;995.800,00;972.039,14;0,00;0,00;0,00
;;;;;"SEM APLICACAO";995.800,00;995.800,00;972.039,14;0,00;0,00;0,00
;;"DESPESAS DE CAPITAL";;;;1.000,00;1.000,00;0,00;0,00;0,00;0,00
;;;"INVESTIMENTOS";;;1.000,00;1.000,00;0,00;0,00;0,00;0,00
;;;;"Equipamentos e Material Permanente";;1.000,00;1.000,00;0,00;0,00;0,00;0,00
;;;;;"SEM APLICACAO";1.000,00;1.000,00;0,00;0,00;0,00;0,00
"Fundo de Saude da Cidade do Paulista";;;;;;107.866.200,00;107.866.200,00;0,00;0,00;0,00;0,00
;"FUNDO MUNICIPAL DE SAUDE";;;;;109.520.600,00;109.520.600,00;0,00;0,00;0,00;0,00
;;"DESPESAS CORRENTES";;;;105.654.500,00;105.654.500,00;0,00;0,00;0,00;0,00
;;;"OUTRAS DESPESAS CORRENTES";;;45.153.500,00;45.153.500,00;0,00;0,00;0,00;0,00
;;;;"Auxilio Alimentacao";;285.000,00;285.000,00;0,00;0,00;0,00;0,00
;;;;;"SEM APLICACAO";285.000,00;285.000,00;0,00;0,00;0,00;0,00
;;;;"Auxilio Fardamento";;16.000,00;16.000,00;0,00;0,00;0,00;0,00
;;;;;"SEM APLICACAO";16.000,00;16.000,00;0,00;0,00;0,00;0,00
;;;;"Auxilio Transporte";;3.000.000,00;3.000.000,00;0,00;0,00;0,00;0,00
;;;;;"SEM APLICACAO";3.000.000,00;3.000.000,00;0,00;0,00;0,00;0,00
;;;;"Despesas de Exercicios Anteriores";;141.000,00;141.000,00;0,00;0,00;0,00;0,00
;;;;;"SEM APLICACAO";141.000,00;141.000,00;0,00;0,00;0,00;0,00
;;;;"Diarias   Civil";;57.000,00;57.000,00;0,00;0,00;0,00;0,00
;;;;;"SEM APLICACAO";57.000,00;57.000,00;0,00;0,00;0,00;0,00
;;;;"Indenizacoes e Restituicoes";;290.000,00;290.000,00;0,00;0,00;0,00;0,00
;;;;;"SEM APLICACAO";290.000,00;290.000,00;0,00;0,00;0,00;0,00
;;;;"Locacao de Mao de Obra";;4.053.300,00;4.053.300,00;0,00;0,00;0,00;0,00
;;;;;"SEM APLICACAO";4.053.300,00;4.053.300,00;0,00;0,00;0,00;0,00
;;;;"Material de Consumo";;13.398.200,00;13.398.200,00;0,00;0,00;0,00;0,00
;;;;;"SEM APLICACAO";13.228.200,00;13.228.200,00;0,00;0,00;0,00;0,00
;;;;"Material de Distribuicao Gratuita";;41.000,00;41.000,00;0,00;0,00;0,00;0,00
;;;;;"SEM APLICACAO";41.000,00;41.000,00;0,00;0,00;0,00;0,00
;;;;"Obrigacoes Tributarias e Contributivas";;8.000,00;8.000,00;0,00;0,00;0,00;0,00
;;;;;"SEM APLICACAO";8.000,00;8.000,00;0,00;0,00;0,00;0,00
;;;;"Outros Auxilios Financeiros a Pessoas Fisicas";;900.000,00;900.000,00;0,00;0,00;0,00;0,00
;;;;;"SEM APLICACAO";900.000,00;900.000,00;0,00;0,00;0,00;0,00
;;;;"Outros Servicos de Terceiros   Pessoa Fisica";;1.294.000,00;1.294.000,00;0,00;0,00;0,00;0,00
;;;;;"SEM APLICACAO";713.000,00;713.000,00;0,00;0,00;0,00;0,00
;;;;"Outros Servicos de Terceiros   Pessoa Juridica";;21.614.000,00;21.614.000,00;0,00;0,00;0,00;0,00
;;;;;"SEM APLICACAO";21.324.000,00;21.324.000,00;0,00;0,00;0,00;0,00
;;;;"Passagens e Despesas com Locomocao";;56.000,00;56.000,00;0,00;0,00;0,00;0,00
;;;;;"SEM APLICACAO";56.000,00;56.000,00;0,00;0,00;0,00;0,00
;;;"PESSOAL E ENCARGOS SOCIAIS";;;60.501.000,00;60.501.000,00;0,00;0,00;0,00;0,00
;;;;"Contratacao por Tempo Determinado";;2.047.000,00;2.047.000,00;0,00;0,00;0,00;0,00
;;;;;"SEM APLICACAO";2.027.000,00;2.027.000,00;0,00;0,00;0,00;0,00
;;;;"Contribuicoes Patronais  19  I ";;12.777.000,00;12.777.000,00;0,00;0,00;0,00;0,00
;;;;;"SEM APLICACAO";9.750.000,00;9.750.000,00;0,00;0,00;0,00;0,00
;;;;"Indenizacoes e Restituicoes Trabalhistas";;80.000,00;80.000,00;0,00;0,00;0,00;0,00
;;;;;"SEM APLICACAO";80.000,00;80.000,00;0,00;0,00;0,00;0,00
;;;;"Obrigacoes Patronais";;12.777.000,00;12.777.000,00;0,00;0,00;0,00;0,00
;;;;;"SEM APLICACAO";3.027.000,00;3.027.000,00;0,00;0,00;0,00;0,00
;;;;"Outras Despesas Variaveis   Pessoal Civil";;3.139.000,00;3.139.000,00;0,00;0,00;0,00;0,00
;;;;;"SEM APLICACAO";3.129.000,00;3.129.000,00;0,00;0,00;0,00;0,00
;;;;"Vencimentos e Vantagens Fixas   Pessoal Civil";;42.458.000,00;42.458.000,00;0,00;0,00;0,00;0,00
;;;;;"SEM APLICACAO";42.458.000,00;42.458.000,00;0,00;0,00;0,00;0,00
;;"DESPESAS DE CAPITAL";;;;3.866.100,00;3.866.100,00;0,00;0,00;0,00;0,00
;;;"INVESTIMENTOS";;;3.866.100,00;3.866.100,00;0,00;0,00;0,00;0,00
;;;;"Despesas de Exercicios Anteriores";;57.000,00;57.000,00;0,00;0,00;0,00;0,00
;;;;;"SEM APLICACAO";20.000,00;20.000,00;0,00;0,00;0,00;0,00
;;;;"Equipamentos e Material Permanente";;1.586.700,00;1.586.700,00;0,00;0,00;0,00;0,00
;;;;;"SEM APLICACAO";1.522.700,00;1.522.700,00;0,00;0,00;0,00;0,00
;;;;"Obras e Instalacoes";;2.222.400,00;2.222.400,00;0,00;0,00;0,00;0,00
;;;;;"SEM APLICACAO";1.740.000,00;1.740.000,00;0,00;0,00;0,00;0,00
"Instituto de Previdencia Social do Municipio de Paulista   Plano Financeiro";;;;;;98.930.700,00;98.930.700,00;0,00;0,00;0,00;0,00
;"INSTITUTO DE PREVIDENCIA SOCIAL DO MUNICIPIO DO PAULISTA   PLANO FINANCEIRO";;;;;98.930.700,00;98.930.700,00;0,00;0,00;0,00;0,00
;;"DESPESAS CORRENTES";;;;98.885.700,00;98.885.700,00;0,00;0,00;0,00;0,00
;;;"OUTRAS DESPESAS CORRENTES";;;1.535.300,00;1.535.300,00;0,00;0,00;0,00;0,00
;;;;"Despesas de Exercicios Anteriores";;3.000,00;3.000,00;0,00;0,00;0,00;0,00
;;;;;"SEM APLICACAO";3.000,00;3.000,00;0,00;0,00;0,00;0,00
;;;;"Diarias   Civil";;20.000,00;20.000,00;0,00;0,00;0,00;0,00
;;;;;"SEM APLICACAO";20.000,00;20.000,00;0,00;0,00;0,00;0,00
;;;;"Indenizacoes e Restituicoes";;3.000,00;3.000,00;0,00;0,00;0,00;0,00
;;;;;"SEM APLICACAO";3.000,00;3.000,00;0,00;0,00;0,00;0,00
;;;;"Material de Consumo";;75.000,00;75.000,00;0,00;0,00;0,00;0,00
;;;;;"SEM APLICACAO";75.000,00;75.000,00;0,00;0,00;0,00;0,00
;;;;"Obrigacoes Tributarias e Contributivas";;5.000,00;5.000,00;0,00;0,00;0,00;0,00
;;;;;"SEM APLICACAO";5.000,00;5.000,00;0,00;0,00;0,00;0,00
;;;;"Outros Servicos de Terceiros   Pessoa Fisica";;21.000,00;21.000,00;0,00;0,00;0,00;0,00
;;;;;"SEM APLICACAO";21.000,00;21.000,00;0,00;0,00;0,00;0,00
;;;;"Outros Servicos de Terceiros   Pessoa Juridica";;709.000,00;709.000,00;0,00;0,00;0,00;0,00
;;;;;"SEM APLICACAO";709.000,00;709.000,00;0,00;0,00;0,00;0,00
;;;;"Passagens e Despesas com Locomocao";;43.000,00;43.000,00;0,00;0,00;0,00;0,00
;;;;;"SEM APLICACAO";43.000,00;43.000,00;0,00;0,00;0,00;0,00
;;;;"Servicos de Consultoria";;437.300,00;437.300,00;0,00;0,00;0,00;0,00
;;;;;"SEM APLICACAO";437.300,00;437.300,00;0,00;0,00;0,00;0,00
;;;;"Servicos de Tecnologia da Informacao e Comunicacao";;219.000,00;219.000,00;0,00;0,00;0,00;0,00
;;;;;"SEM APLICACAO";219.000,00;219.000,00;0,00;0,00;0,00;0,00
;;;"PESSOAL E ENCARGOS SOCIAIS";;;97.350.400,00;97.350.400,00;0,00;0,00;0,00;0,00
;;;;"Aposentadorias  Reserva Remunerada e Reformas";;83.202.300,00;83.202.300,00;0,00;0,00;0,00;0,00
;;;;;"SEM APLICACAO";83.202.300,00;83.202.300,00;0,00;0,00;0,00;0,00
;;;;"Indenizacoes e Restituicoes Trabalhistas";;10.000,00;10.000,00;0,00;0,00;0,00;0,00
;;;;;"SEM APLICACAO";10.000,00;10.000,00;0,00;0,00;0,00;0,00
;;;;"Obrigacoes Patronais";;230.000,00;230.000,00;0,00;0,00;0,00;0,00
;;;;;"SEM APLICACAO";230.000,00;230.000,00;0,00;0,00;0,00;0,00
;;;;"Outras Despesas Variaveis   Pessoal Civil";;10.000,00;10.000,00;0,00;0,00;0,00;0,00
;;;;;"SEM APLICACAO";10.000,00;10.000,00;0,00;0,00;0,00;0,00
;;;;"Outros Beneficios Assistenciais  3  I ";;8.500,00;8.500,00;0,00;0,00;0,00;0,00
;;;;;"SEM APLICACAO";8.500,00;8.500,00;0,00;0,00;0,00;0,00
;;;;"Pensoes";;10.436.100,00;10.436.100,00;0,00;0,00;0,00;0,00
;;;;;"SEM APLICACAO";10.436.100,00;10.436.100,00;0,00;0,00;0,00;0,00
;;;;"Sentencas Judiciais";;101.000,00;101.000,00;0,00;0,00;0,00;0,00
;;;;;"SEM APLICACAO";101.000,00;101.000,00;0,00;0,00;0,00;0,00
;;;;"Vencimentos e Vantagens Fixas   Pessoal Civil";;3.352.500,00;3.352.500,00;0,00;0,00;0,00;0,00
;;;;;"SEM APLICACAO";3.352.500,00;3.352.500,00;0,00;0,00;0,00;0,00
;;"DESPESAS DE CAPITAL";;;;45.000,00;45.000,00;0,00;0,00;0,00;0,00
;;;"INVESTIMENTOS";;;45.000,00;45.000,00;0,00;0,00;0,00;0,00
;;;;"Aquisicao de Imoveis";;10.000,00;10.000,00;0,00;0,00;0,00;0,00
;;;;;"SEM APLICACAO";10.000,00;10.000,00;0,00;0,00;0,00;0,00
;;;;"Equipamentos e Material Permanente";;25.000,00;25.000,00;0,00;0,00;0,00;0,00
;;;;;"SEM APLICACAO";25.000,00;25.000,00;0,00;0,00;0,00;0,00
;;;;"Obras e Instalacoes";;10.000,00;10.000,00;0,00;0,00;0,00;0,00
;;;;;"SEM APLICACAO";10.000,00;10.000,00;0,00;0,00;0,00;0,00
"Instituto de Previdencia Social do Municipio de Paulista   Plano Previdenciario";;;;;;16.126.100,00;16.126.100,00;0,00;0,00;0,00;0,00
;"INSTITUTO DE PREVIDENCIA SOCIAL DO MUNICIPIO DO PAULISTA   PLANO PREVIDENCIARIO";;;;;16.126.100,00;16.126.100,00;0,00;0,00;0,00;0,00
;;"DESPESAS CORRENTES";;;;355.000,00;355.000,00;0,00;0,00;0,00;0,00
;;;"OUTRAS DESPESAS CORRENTES";;;1.000,00;1.000,00;0,00;0,00;0,00;0,00
;;;;"Outros Servicos de Terceiros   Pessoa Juridica";;1.000,00;1.000,00;0,00;0,00;0,00;0,00
;;;;;"SEM APLICACAO";1.000,00;1.000,00;0,00;0,00;0,00;0,00
;;;"PESSOAL E ENCARGOS SOCIAIS";;;354.000,00;354.000,00;0,00;0,00;0,00;0,00
;;;;"Aposentadorias  Reserva Remunerada e Reformas";;245.000,00;245.000,00;0,00;0,00;0,00;0,00
;;;;;"SEM APLICACAO";245.000,00;245.000,00;0,00;0,00;0,00;0,00
;;;;"Obrigacoes Patronais";;4.000,00;4.000,00;0,00;0,00;0,00;0,00
;;;;;"SEM APLICACAO";4.000,00;4.000,00;0,00;0,00;0,00;0,00
;;;;"Outros Benefic.Previd.Servidor ou Milita";;5.000,00;5.000,00;0,00;0,00;0,00;0,00
;;;;;"SEM APLICACAO";5.000,00;5.000,00;0,00;0,00;0,00;0,00
;;;;"Pensoes";;100.000,00;100.000,00;0,00;0,00;0,00;0,00
;;;;;"SEM APLICACAO";100.000,00;100.000,00;0,00;0,00;0,00;0,00
;;"Reserva de Contingencia";;;;15.771.100,00;15.771.100,00;0,00;0,00;0,00;0,00
;;;"Reserva de Contingencia";;;15.771.100,00;15.771.100,00;0,00;0,00;0,00;0,00
;;;;"Reserva do RPPS";;15.771.100,00;15.771.100,00;0,00;0,00;0,00;0,00
;;;;;"SEM APLICACAO";15.771.100,00;15.771.100,00;0,00;0,00;0,00;0,00
"Prefeitura da Cidade do Paulista";;;;;;451.659.300,00;451.659.300,00;0,00;0,00;0,00;0,00
;"ENCARGOS SOB A SUPERVISAO DA SECRETARIA DE FINANCAS";;;;;12.400.000,00;12.400.000,00;0,00;0,00;0,00;0,00
;;"DESPESAS CORRENTES";;;;7.774.000,00;7.774.000,00;0,00;0,00;0,00;0,00
;;;"JUROS E ENCARGOS DA DIVIDA";;;2.569.000,00;2.569.000,00;0,00;0,00;0,00;0,00
;;;;"Encargos sobre Operacoes de Credito por Antecipacao da Receita";;456.000,00;456.000,00;0,00;0,00;0,00;0,00
;;;;;"SEM APLICACAO";456.000,00;456.000,00;0,00;0,00;0,00;0,00
;;;;"Juros sobre a Divida por Contrato";;2.108.000,00;2.108.000,00;0,00;0,00;0,00;0,00
;;;;;"SEM APLICACAO";2.108.000,00;2.108.000,00;0,00;0,00;0,00;0,00
;;;;"Outros Encargos sobre a Divida por Contrato";;5.000,00;5.000,00;0,00;0,00;0,00;0,00
;;;;;"SEM APLICACAO";5.000,00;5.000,00;0,00;0,00;0,00;0,00
;;;"OUTRAS DESPESAS CORRENTES";;;5.205.000,00;5.205.000,00;0,00;0,00;0,00;0,00
;;;;"Despesas de Exercicios Anteriores";;5.000,00;5.000,00;0,00;0,00;0,00;0,00
;;;;;"SEM APLICACAO";5.000,00;5.000,00;0,00;0,00;0,00;0,00
;;;;"Obrigacoes Tributarias e Contributivas";;5.200.000,00;5.200.000,00;0,00;0,00;0,00;0,00
;;;;;"SEM APLICACAO";5.200.000,00;5.200.000,00;0,00;0,00;0,00;0,00
;;"DESPESAS DE CAPITAL";;;;4.626.000,00;4.626.000,00;0,00;0,00;0,00;0,00
;;;"AMORTIZACAO DA DIVIDA";;;4.626.000,00;4.626.000,00;0,00;0,00;0,00;0,00
;;;;"Principal Corrigido da Divida Contratual Refinanciado";;231.000,00;231.000,00;0,00;0,00;0,00;0,00
;;;;;"SEM APLICACAO";231.000,00;231.000,00;0,00;0,00;0,00;0,00
;;;;"Principal da Divida Contratual Resgatado";;4.395.000,00;4.395.000,00;0,00;0,00;0,00;0,00
;;;;;"SEM APLICACAO";4.395.000,00;4.395.000,00;0,00;0,00;0,00;0,00
;"ENCARGOS SOB SUPERVISAO DA SECRETARIA DE ADMINISTRACAO";;;;;26.629.000,00;26.629.000,00;0,00;0,00;0,00;0,00
;;"DESPESAS CORRENTES";;;;26.628.000,00;26.628.000,00;0,00;0,00;0,00;0,00
;;;"OUTRAS DESPESAS CORRENTES";;;4.949.400,00;4.949.400,00;0,00;0,00;0,00;0,00
;;;;"Aporte para Cobertura de Defit Atuarial do RPPS";;5.000,00;5.000,00;0,00;0,00;0,00;0,00
;;;;;"SEM APLICACAO";5.000,00;5.000,00;0,00;0,00;0,00;0,00
;;;;"Auxilio Alimentacao";;5.000,00;5.000,00;0,00;0,00;0,00;0,00
;;;;;"SEM APLICACAO";5.000,00;5.000,00;0,00;0,00;0,00;0,00
;;;;"Auxilio Transporte";;2.987.900,00;2.987.900,00;0,00;0,00;0,00;0,00
;;;;;"SEM APLICACAO";2.987.900,00;2.987.900,00;0,00;0,00;0,00;0,00
;;;;"Despesas de Exercicios Anteriores";;149.000,00;149.000,00;0,00;0,00;0,00;0,00
;;;;;"SEM APLICACAO";149.000,00;149.000,00;0,00;0,00;0,00;0,00
;;;;"Material de Consumo";;1.000,00;1.000,00;0,00;0,00;0,00;0,00
;;;;;"SEM APLICACAO";1.000,00;1.000,00;0,00;0,00;0,00;0,00
;;;;"Outros Servicos de Terceiros   Pessoa Juridica";;1.801.500,00;1.801.500,00;0,00;0,00;0,00;0,00
;;;;;"SEM APLICACAO";1.801.500,00;1.801.500,00;0,00;0,00;0,00;0,00
;;;"PESSOAL E ENCARGOS SOCIAIS";;;21.678.600,00;21.678.600,00;0,00;0,00;0,00;0,00
;;;;"Contribuicoes Patronais  19  I ";;16.804.600,00;16.804.600,00;0,00;0,00;0,00;0,00
;;;;;"SEM APLICACAO";12.323.200,00;12.323.200,00;0,00;0,00;0,00;0,00
;;;;"Despesas de Exercicios Anteriores";;100.000,00;100.000,00;0,00;0,00;0,00;0,00
;;;;;"SEM APLICACAO";100.000,00;100.000,00;0,00;0,00;0,00;0,00
;;;;"Indenizacoes e Restituicoes Trabalhistas";;60.000,00;60.000,00;0,00;0,00;0,00;0,00
;;;;;"SEM APLICACAO";60.000,00;60.000,00;0,00;0,00;0,00;0,00
;;;;"Obrigacoes Patronais";;16.804.600,00;16.804.600,00;0,00;0,00;0,00;0,00
;;;;;"SEM APLICACAO";4.481.400,00;4.481.400,00;0,00;0,00;0,00;0,00
;;;;"Outras Despesas Variaveis   Pessoal Civil";;25.800,00;25.800,00;0,00;0,00;0,00;0,00
;;;;;"SEM APLICACAO";25.800,00;25.800,00;0,00;0,00;0,00;0,00
;;;;"Outros Beneficios Assistenciais  3  I ";;10.000,00;10.000,00;0,00;0,00;0,00;0,00
;;;;;"SEM APLICACAO";10.000,00;10.000,00;0,00;0,00;0,00;0,00
;;;;"Vencimentos e Vantagens Fixas   Pessoal Civil";;4.678.200,00;4.678.200,00;0,00;0,00;0,00;0,00
;;;;;"SEM APLICACAO";4.678.200,00;4.678.200,00;0,00;0,00;0,00;0,00
;;"DESPESAS DE CAPITAL";;;;1.000,00;1.000,00;0,00;0,00;0,00;0,00
;;;"INVERSOES FINANCEIRAS";;;1.000,00;1.000,00;0,00;0,00;0,00;0,00
;;;;"Contribuicoes";;1.000,00;1.000,00;0,00;0,00;0,00;0,00
;;;;;"SEM APLICACAO";1.000,00;1.000,00;0,00;0,00;0,00;0,00
;"FUNDO MUNICIPAL DE ASSISTENCIA SOCIAL   ADMINISTRACAO DIRETA";;;;;12.877.100,00;12.877.100,00;0,00;0,00;0,00;0,00
;;"DESPESAS CORRENTES";;;;12.802.300,00;12.802.300,00;0,00;0,00;0,00;0,00
;;;"OUTRAS DESPESAS CORRENTES";;;8.597.300,00;8.597.300,00;0,00;0,00;0,00;0,00
;;;;"Auxilio Alimentacao";;106.000,00;106.000,00;0,00;0,00;0,00;0,00
;;;;;"SEM APLICACAO";106.000,00;106.000,00;0,00;0,00;0,00;0,00
;;;;"Despesas de Exercicios Anteriores";;35.900,00;35.900,00;0,00;0,00;0,00;0,00
;;;;;"SEM APLICACAO";35.900,00;35.900,00;0,00;0,00;0,00;0,00
;;;;"Diarias   Civil";;18.400,00;18.400,00;0,00;0,00;0,00;0,00
;;;;;"SEM APLICACAO";18.400,00;18.400,00;0,00;0,00;0,00;0,00
;;;;"Indenizacoes e Restituicoes";;3.000,00;3.000,00;0,00;0,00;0,00;0,00
;;;;;"SEM APLICACAO";3.000,00;3.000,00;0,00;0,00;0,00;0,00
;;;;"Material de Consumo";;761.200,00;761.200,00;0,00;0,00;0,00;0,00
;;;;;"SEM APLICACAO";761.200,00;761.200,00;0,00;0,00;0,00;0,00
;;;;"Material de Distribuicao Gratuita";;503.200,00;503.200,00;0,00;0,00;0,00;0,00
;;;;;"SEM APLICACAO";503.200,00;503.200,00;0,00;0,00;0,00;0,00
;;;;"Obrigacoes Tributarias e Contributivas";;1.000,00;1.000,00;0,00;0,00;0,00;0,00
;;;;;"SEM APLICACAO";1.000,00;1.000,00;0,00;0,00;0,00;0,00
;;;;"Outros Auxilios Financeiros a Pessoas Fisicas";;1.820.600,00;1.820.600,00;0,00;0,00;0,00;0,00
;;;;;"SEM APLICACAO";1.820.600,00;1.820.600,00;0,00;0,00;0,00;0,00
;;;;"Outros Servicos de Terceiros   Pessoa Fisica";;278.800,00;278.800,00;0,00;0,00;0,00;0,00
;;;;;"SEM APLICACAO";278.800,00;278.800,00;0,00;0,00;0,00;0,00
;;;;"Outros Servicos de Terceiros   Pessoa Juridica";;3.528.400,00;3.528.400,00;0,00;0,00;0,00;0,00
;;;;;"SEM APLICACAO";3.528.400,00;3.528.400,00;0,00;0,00;0,00;0,00
;;;;"Passagens e Despesas com Locomocao";;95.300,00;95.300,00;0,00;0,00;0,00;0,00
;;;;;"SEM APLICACAO";95.300,00;95.300,00;0,00;0,00;0,00;0,00
;;;;"Subvencoes Sociais";;1.445.500,00;1.445.500,00;0,00;0,00;0,00;0,00
;;;;;"SEM APLICACAO";1.445.500,00;1.445.500,00;0,00;0,00;0,00;0,00
;;;"PESSOAL E ENCARGOS SOCIAIS";;;4.205.000,00;4.205.000,00;0,00;0,00;0,00;0,00
;;;;"Contratacao por Tempo Determinado";;38.400,00;38.400,00;0,00;0,00;0,00;0,00
;;;;;"SEM APLICACAO";38.400,00;38.400,00;0,00;0,00;0,00;0,00
;;;;"Despesas de Exercicios Anteriores";;10.000,00;10.000,00;0,00;0,00;0,00;0,00
;;;;;"SEM APLICACAO";10.000,00;10.000,00;0,00;0,00;0,00;0,00
;;;;"Outras Despesas Variaveis   Pessoal Civil";;30.000,00;30.000,00;0,00;0,00;0,00;0,00
;;;;;"SEM APLICACAO";30.000,00;30.000,00;0,00;0,00;0,00;0,00
;;;;"Ressarcimento de Despesas de Pessoal Requisitado";;5.000,00;5.000,00;0,00;0,00;0,00;0,00
;;;;;"SEM APLICACAO";5.000,00;5.000,00;0,00;0,00;0,00;0,00
;;;;"Vencimentos e Vantagens Fixas   Pessoal Civil";;4.121.600,00;4.121.600,00;0,00;0,00;0,00;0,00
;;;;;"SEM APLICACAO";4.121.600,00;4.121.600,00;0,00;0,00;0,00;0,00
;;"DESPESAS DE CAPITAL";;;;74.800,00;74.800,00;0,00;0,00;0,00;0,00
;;;"INVESTIMENTOS";;;74.800,00;74.800,00;0,00;0,00;0,00;0,00
;;;;"Equipamentos e Material Permanente";;74.800,00;74.800,00;0,00;0,00;0,00;0,00
;;;;;"SEM APLICACAO";74.800,00;74.800,00;0,00;0,00;0,00;0,00
;"FUNDO MUNICIPAL DE DEFESA DO CONSUMIDOR   ADMINISTRACAO DIRETA";;;;;50.000,00;50.000,00;0,00;0,00;0,00;0,00
;;"DESPESAS CORRENTES";;;;49.000,00;49.000,00;0,00;0,00;0,00;0,00
;;;"OUTRAS DESPESAS CORRENTES";;;39.000,00;39.000,00;0,00;0,00;0,00;0,00
;;;;"Material de Consumo";;20.000,00;20.000,00;0,00;0,00;0,00;0,00
;;;;;"SEM APLICACAO";20.000,00;20.000,00;0,00;0,00;0,00;0,00
;;;;"Outros Servicos de Terceiros   Pessoa Fisica";;8.000,00;8.000,00;0,00;0,00;0,00;0,00
;;;;;"SEM APLICACAO";8.000,00;8.000,00;0,00;0,00;0,00;0,00
;;;;"Outros Servicos de Terceiros   Pessoa Juridica";;10.000,00;10.000,00;0,00;0,00;0,00;0,00
;;;;;"SEM APLICACAO";10.000,00;10.000,00;0,00;0,00;0,00;0,00
;;;;"Servicos de Consultoria";;1.000,00;1.000,00;0,00;0,00;0,00;0,00
;;;;;"SEM APLICACAO";1.000,00;1.000,00;0,00;0,00;0,00;0,00
;;;"PESSOAL E ENCARGOS SOCIAIS";;;10.000,00;10.000,00;0,00;0,00;0,00;0,00
;;;;"Outras Despesas Variaveis   Pessoal Civil";;5.000,00;5.000,00;0,00;0,00;0,00;0,00
;;;;;"SEM APLICACAO";5.000,00;5.000,00;0,00;0,00;0,00;0,00
;;;;"Vencimentos e Vantagens Fixas   Pessoal Civil";;5.000,00;5.000,00;0,00;0,00;0,00;0,00
;;;;;"SEM APLICACAO";5.000,00;5.000,00;0,00;0,00;0,00;0,00
;;"DESPESAS DE CAPITAL";;;;1.000,00;1.000,00;0,00;0,00;0,00;0,00
;;;"INVESTIMENTOS";;;1.000,00;1.000,00;0,00;0,00;0,00;0,00
;;;;"Equipamentos e Material Permanente";;1.000,00;1.000,00;0,00;0,00;0,00;0,00
;;;;;"SEM APLICACAO";1.000,00;1.000,00;0,00;0,00;0,00;0,00
;"FUNDO MUNICIPAL DE EDUCACAO DO PAULISTA   ADMINISTRACAO DIRETA";;;;;131.691.300,00;131.691.300,00;0,00;0,00;0,00;0,00
;;"DESPESAS CORRENTES";;;;128.907.600,00;128.907.600,00;0,00;0,00;0,00;0,00
;;;"OUTRAS DESPESAS CORRENTES";;;40.581.800,00;40.581.800,00;0,00;0,00;0,00;0,00
;;;;"Auxilio Alimentacao";;20.000,00;20.000,00;0,00;0,00;0,00;0,00
;;;;;"SEM APLICACAO";20.000,00;20.000,00;0,00;0,00;0,00;0,00
;;;;"Auxilio Transporte";;237.100,00;237.100,00;0,00;0,00;0,00;0,00
;;;;;"SEM APLICACAO";237.100,00;237.100,00;0,00;0,00;0,00;0,00
;;;;"Contribuicoes";;1.000,00;1.000,00;0,00;0,00;0,00;0,00
;;;;;"SEM APLICACAO";1.000,00;1.000,00;0,00;0,00;0,00;0,00
;;;;"Despesas de Exercicios Anteriores";;119.000,00;119.000,00;0,00;0,00;0,00;0,00
;;;;;"SEM APLICACAO";119.000,00;119.000,00;0,00;0,00;0,00;0,00
;;;;"Diarias   Civil";;24.000,00;24.000,00;0,00;0,00;0,00;0,00
;;;;;"SEM APLICACAO";24.000,00;24.000,00;0,00;0,00;0,00;0,00
;;;;"Indenizacoes e Restituicoes";;5.000,00;5.000,00;0,00;0,00;0,00;0,00
;;;;;"SEM APLICACAO";5.000,00;5.000,00;0,00;0,00;0,00;0,00
;;;;"Material de Consumo";;7.265.000,00;7.265.000,00;0,00;0,00;0,00;0,00
;;;;;"SEM APLICACAO";7.265.000,00;7.265.000,00;0,00;0,00;0,00;0,00
;;;;"Material de Distribuicao Gratuita";;3.156.000,00;3.156.000,00;0,00;0,00;0,00;0,00
;;;;;"SEM APLICACAO";3.156.000,00;3.156.000,00;0,00;0,00;0,00;0,00
;;;;"Obrigacoes Tributarias e Contributivas";;2.000,00;2.000,00;0,00;0,00;0,00;0,00
;;;;;"SEM APLICACAO";2.000,00;2.000,00;0,00;0,00;0,00;0,00
;;;;"Outros Servicos de Terceiros   Pessoa Fisica";;658.000,00;658.000,00;0,00;0,00;0,00;0,00
;;;;;"SEM APLICACAO";658.000,00;658.000,00;0,00;0,00;0,00;0,00
;;;;"Outros Servicos de Terceiros   Pessoa Juridica";;29.028.700,00;29.028.700,00;0,00;0,00;0,00;0,00
;;;;;"SEM APLICACAO";29.028.700,00;29.028.700,00;0,00;0,00;0,00;0,00
;;;;"Passagens e Despesas com Locomocao";;4.000,00;4.000,00;0,00;0,00;0,00;0,00
;;;;;"SEM APLICACAO";4.000,00;4.000,00;0,00;0,00;0,00;0,00
;;;;"Premiacoes Culturais  Artisticas  Cientificas  Desportivas e Outras  6  I ";;1.000,00;1.000,00;0,00;0,00;0,00;0,00
;;;;;"SEM APLICACAO";1.000,00;1.000,00;0,00;0,00;0,00;0,00
;;;;"Servicos de Consultoria";;20.000,00;20.000,00;0,00;0,00;0,00;0,00
;;;;;"SEM APLICACAO";20.000,00;20.000,00;0,00;0,00;0,00;0,00
;;;;"Subvencoes Sociais";;41.000,00;41.000,00;0,00;0,00;0,00;0,00
;;;;;"SEM APLICACAO";41.000,00;41.000,00;0,00;0,00;0,00;0,00
;;;"PESSOAL E ENCARGOS SOCIAIS";;;88.325.800,00;88.325.800,00;0,00;0,00;0,00;0,00
;;;;"Contratacao por Tempo Determinado";;65.000,00;65.000,00;0,00;0,00;0,00;0,00
;;;;;"SEM APLICACAO";65.000,00;65.000,00;0,00;0,00;0,00;0,00
;;;;"Contribuicoes Patronais  19  I ";;20.128.500,00;20.128.500,00;0,00;0,00;0,00;0,00
;;;;;"SEM APLICACAO";19.394.700,00;19.394.700,00;0,00;0,00;0,00;0,00
;;;;"Despesas de Exercicios Anteriores";;5.000,00;5.000,00;0,00;0,00;0,00;0,00
;;;;;"SEM APLICACAO";5.000,00;5.000,00;0,00;0,00;0,00;0,00
;;;;"Obrigacoes Patronais";;20.128.500,00;20.128.500,00;0,00;0,00;0,00;0,00
;;;;;"SEM APLICACAO";733.800,00;733.800,00;0,00;0,00;0,00;0,00
;;;;"Outras Despesas Variaveis   Pessoal Civil";;135.900,00;135.900,00;0,00;0,00;0,00;0,00
;;;;;"SEM APLICACAO";135.900,00;135.900,00;0,00;0,00;0,00;0,00
;;;;"Pensoes";;5.000,00;5.000,00;0,00;0,00;0,00;0,00
;;;;;"SEM APLICACAO";5.000,00;5.000,00;0,00;0,00;0,00;0,00
;;;;"Ressarcimento de Despesas de Pessoal Requisitado";;10.000,00;10.000,00;0,00;0,00;0,00;0,00
;;;;;"SEM APLICACAO";10.000,00;10.000,00;0,00;0,00;0,00;0,00
;;;;"Vencimentos e Vantagens Fixas   Pessoal Civil";;67.976.400,00;67.976.400,00;0,00;0,00;0,00;0,00
;;;;;"SEM APLICACAO";67.976.400,00;67.976.400,00;0,00;0,00;0,00;0,00
;;"DESPESAS DE CAPITAL";;;;2.783.700,00;2.783.700,00;0,00;0,00;0,00;0,00
;;;"INVESTIMENTOS";;;2.783.700,00;2.783.700,00;0,00;0,00;0,00;0,00
;;;;"Contribuicoes";;15.700,00;15.700,00;0,00;0,00;0,00;0,00
;;;;;"SEM APLICACAO";15.700,00;15.700,00;0,00;0,00;0,00;0,00
;;;;"Despesas de Exercicios Anteriores";;1.000,00;1.000,00;0,00;0,00;0,00;0,00
;;;;;"SEM APLICACAO";1.000,00;1.000,00;0,00;0,00;0,00;0,00
;;;;"Equipamentos e Material Permanente";;2.660.000,00;2.660.000,00;0,00;0,00;0,00;0,00
;;;;;"SEM APLICACAO";2.660.000,00;2.660.000,00;0,00;0,00;0,00;0,00
;;;;"Obras e Instalacoes";;105.000,00;105.000,00;0,00;0,00;0,00;0,00
;;;;;"SEM APLICACAO";105.000,00;105.000,00;0,00;0,00;0,00;0,00
;;;;"Servicos de Consultoria";;2.000,00;2.000,00;0,00;0,00;0,00;0,00
;;;;;"SEM APLICACAO";2.000,00;2.000,00;0,00;0,00;0,00;0,00
;"FUNDO MUNICIPAL DE ILUMINACAO PUBLICA   ADMINISTRACAO DIRETA";;;;;17.385.000,00;17.385.000,00;0,00;0,00;0,00;0,00
;;"DESPESAS CORRENTES";;;;16.940.000,00;16.940.000,00;0,00;0,00;0,00;0,00
;;;"OUTRAS DESPESAS CORRENTES";;;16.920.000,00;16.920.000,00;0,00;0,00;0,00;0,00
;;;;"Despesas de Exercicios Anteriores";;1.000,00;1.000,00;0,00;0,00;0,00;0,00
;;;;;"SEM APLICACAO";1.000,00;1.000,00;0,00;0,00;0,00;0,00
;;;;"Diarias   Civil";;1.000,00;1.000,00;0,00;0,00;0,00;0,00
;;;;;"SEM APLICACAO";1.000,00;1.000,00;0,00;0,00;0,00;0,00
;;;;"Material de Consumo";;3.000,00;3.000,00;0,00;0,00;0,00;0,00
;;;;;"SEM APLICACAO";3.000,00;3.000,00;0,00;0,00;0,00;0,00
;;;;"Outros Servicos de Terceiros   Pessoa Juridica";;16.664.000,00;16.664.000,00;0,00;0,00;0,00;0,00
;;;;;"SEM APLICACAO";16.664.000,00;16.664.000,00;0,00;0,00;0,00;0,00
;;;;"Passagens e Despesas com Locomocao";;1.000,00;1.000,00;0,00;0,00;0,00;0,00
;;;;;"SEM APLICACAO";1.000,00;1.000,00;0,00;0,00;0,00;0,00
;;;;"Servicos de Consultoria";;250.000,00;250.000,00;0,00;0,00;0,00;0,00
;;;;;"SEM APLICACAO";250.000,00;250.000,00;0,00;0,00;0,00;0,00
;;;"PESSOAL E ENCARGOS SOCIAIS";;;20.000,00;20.000,00;0,00;0,00;0,00;0,00
;;;;"Outras Despesas Variaveis   Pessoal Civil";;10.000,00;10.000,00;0,00;0,00;0,00;0,00
;;;;;"SEM APLICACAO";10.000,00;10.000,00;0,00;0,00;0,00;0,00
;;;;"Vencimentos e Vantagens Fixas   Pessoal Civil";;10.000,00;10.000,00;0,00;0,00;0,00;0,00
;;;;;"SEM APLICACAO";10.000,00;10.000,00;0,00;0,00;0,00;0,00
;;"DESPESAS DE CAPITAL";;;;445.000,00;445.000,00;0,00;0,00;0,00;0,00
;;;"INVESTIMENTOS";;;445.000,00;445.000,00;0,00;0,00;0,00;0,00
;;;;"Equipamentos e Material Permanente";;3.000,00;3.000,00;0,00;0,00;0,00;0,00
;;;;;"SEM APLICACAO";3.000,00;3.000,00;0,00;0,00;0,00;0,00
;;;;"Outros Servicos de Terceiros   Pessoa Juridica";;442.000,00;442.000,00;0,00;0,00;0,00;0,00
;;;;;"SEM APLICACAO";442.000,00;442.000,00;0,00;0,00;0,00;0,00
;"FUNDO MUNICIPAL DE INCENTIVO A CULTURA   ADMINISTRACAO DIRETA";;;;;210.000,00;210.000,00;0,00;0,00;0,00;0,00
;;"DESPESAS CORRENTES";;;;140.000,00;140.000,00;0,00;0,00;0,00;0,00
;;;"OUTRAS DESPESAS CORRENTES";;;130.000,00;130.000,00;0,00;0,00;0,00;0,00
;;;;"Material de Consumo";;30.000,00;30.000,00;0,00;0,00;0,00;0,00
;;;;;"SEM APLICACAO";30.000,00;30.000,00;0,00;0,00;0,00;0,00
;;;;"Outros Servicos de Terceiros   Pessoa Fisica";;30.000,00;30.000,00;0,00;0,00;0,00;0,00
;;;;;"SEM APLICACAO";30.000,00;30.000,00;0,00;0,00;0,00;0,00
;;;;"Outros Servicos de Terceiros   Pessoa Juridica";;70.000,00;70.000,00;0,00;0,00;0,00;0,00
;;;;;"SEM APLICACAO";70.000,00;70.000,00;0,00;0,00;0,00;0,00
;;;"PESSOAL E ENCARGOS SOCIAIS";;;10.000,00;10.000,00;0,00;0,00;0,00;0,00
;;;;"Outras Despesas Variaveis   Pessoal Civil";;5.000,00;5.000,00;0,00;0,00;0,00;0,00
;;;;;"SEM APLICACAO";5.000,00;5.000,00;0,00;0,00;0,00;0,00
;;;;"Vencimentos e Vantagens Fixas   Pessoal Civil";;5.000,00;5.000,00;0,00;0,00;0,00;0,00
;;;;;"SEM APLICACAO";5.000,00;5.000,00;0,00;0,00;0,00;0,00
;;"DESPESAS DE CAPITAL";;;;70.000,00;70.000,00;0,00;0,00;0,00;0,00
;;;"INVESTIMENTOS";;;70.000,00;70.000,00;0,00;0,00;0,00;0,00
;;;;"Equipamentos e Material Permanente";;10.000,00;10.000,00;0,00;0,00;0,00;0,00
;;;;;"SEM APLICACAO";10.000,00;10.000,00;0,00;0,00;0,00;0,00
;;;;"Obras e Instalacoes";;60.000,00;60.000,00;0,00;0,00;0,00;0,00
;;;;;"SEM APLICACAO";60.000,00;60.000,00;0,00;0,00;0,00;0,00
;"FUNDO MUNICIPAL DE LIMPEZA URBANA E MANEJO DE RESIDUOS SOLIDOS   ADM. DIRETA";;;;;43.200.000,00;43.200.000,00;0,00;0,00;0,00;0,00
;;"DESPESAS CORRENTES";;;;43.200.000,00;43.200.000,00;0,00;0,00;0,00;0,00
;;;"OUTRAS DESPESAS CORRENTES";;;43.200.000,00;43.200.000,00;0,00;0,00;0,00;0,00
;;;;"Despesas de Exercicios Anteriores";;51.000,00;51.000,00;0,00;0,00;0,00;0,00
;;;;;"SEM APLICACAO";51.000,00;51.000,00;0,00;0,00;0,00;0,00
;;;;"Outros Servicos de Terceiros   Pessoa Juridica";;43.149.000,00;43.149.000,00;0,00;0,00;0,00;0,00
;;;;;"SEM APLICACAO";43.149.000,00;43.149.000,00;0,00;0,00;0,00;0,00
;"FUNDO MUNICIPAL DE MEIO AMBIENTE   ADMINISTRACAO DIRETA";;;;;2.421.800,00;2.421.800,00;0,00;0,00;0,00;0,00
;;"DESPESAS CORRENTES";;;;2.389.800,00;2.389.800,00;0,00;0,00;0,00;0,00
;;;"OUTRAS DESPESAS CORRENTES";;;367.400,00;367.400,00;0,00;0,00;0,00;0,00
;;;;"Auxilio Alimentacao";;5.000,00;5.000,00;0,00;0,00;0,00;0,00
;;;;;"SEM APLICACAO";5.000,00;5.000,00;0,00;0,00;0,00;0,00
;;;;"Despesas de Exercicios Anteriores";;15.000,00;15.000,00;0,00;0,00;0,00;0,00
;;;;;"SEM APLICACAO";15.000,00;15.000,00;0,00;0,00;0,00;0,00
;;;;"Diarias   Civil";;2.800,00;2.800,00;0,00;0,00;0,00;0,00
;;;;;"SEM APLICACAO";2.800,00;2.800,00;0,00;0,00;0,00;0,00
;;;;"Material de Consumo";;73.800,00;73.800,00;0,00;0,00;0,00;0,00
;;;;;"SEM APLICACAO";73.800,00;73.800,00;0,00;0,00;0,00;0,00
;;;;"Outros Servicos de Terceiros   Pessoa Fisica";;56.900,00;56.900,00;0,00;0,00;0,00;0,00
;;;;;"SEM APLICACAO";56.900,00;56.900,00;0,00;0,00;0,00;0,00
;;;;"Outros Servicos de Terceiros   Pessoa Juridica";;200.900,00;200.900,00;0,00;0,00;0,00;0,00
;;;;;"SEM APLICACAO";200.900,00;200.900,00;0,00;0,00;0,00;0,00
;;;;"Passagens e Despesas com Locomocao";;3.000,00;3.000,00;0,00;0,00;0,00;0,00
;;;;;"SEM APLICACAO";3.000,00;3.000,00;0,00;0,00;0,00;0,00
;;;;"Servicos de Consultoria";;10.000,00;10.000,00;0,00;0,00;0,00;0,00
;;;;;"SEM APLICACAO";10.000,00;10.000,00;0,00;0,00;0,00;0,00
;;;"PESSOAL E ENCARGOS SOCIAIS";;;2.022.400,00;2.022.400,00;0,00;0,00;0,00;0,00
;;;;"Contratacao por Tempo Determinado";;5.000,00;5.000,00;0,00;0,00;0,00;0,00
;;;;;"SEM APLICACAO";5.000,00;5.000,00;0,00;0,00;0,00;0,00
;;;;"Despesas de Exercicios Anteriores";;5.000,00;5.000,00;0,00;0,00;0,00;0,00
;;;;;"SEM APLICACAO";5.000,00;5.000,00;0,00;0,00;0,00;0,00
;;;;"Outras Despesas Variaveis   Pessoal Civil";;15.000,00;15.000,00;0,00;0,00;0,00;0,00
;;;;;"SEM APLICACAO";15.000,00;15.000,00;0,00;0,00;0,00;0,00
;;;;"Ressarcimento de Despesas de Pessoal Requisitado";;5.000,00;5.000,00;0,00;0,00;0,00;0,00
;;;;;"SEM APLICACAO";5.000,00;5.000,00;0,00;0,00;0,00;0,00
;;;;"Vencimentos e Vantagens Fixas   Pessoal Civil";;1.992.400,00;1.992.400,00;0,00;0,00;0,00;0,00
;;;;;"SEM APLICACAO";1.992.400,00;1.992.400,00;0,00;0,00;0,00;0,00
;;"DESPESAS DE CAPITAL";;;;32.000,00;32.000,00;0,00;0,00;0,00;0,00
;;;"INVESTIMENTOS";;;32.000,00;32.000,00;0,00;0,00;0,00;0,00
;;;;"Equipamentos e Material Permanente";;32.000,00;32.000,00;0,00;0,00;0,00;0,00
;;;;;"SEM APLICACAO";32.000,00;32.000,00;0,00;0,00;0,00;0,00
;"FUNDO MUNICIPAL DE SAUDE";;;;;109.520.600,00;109.520.600,00;0,00;0,00;0,00;0,00
;;"DESPESAS CORRENTES";;;;105.654.500,00;105.654.500,00;0,00;0,00;0,00;0,00
;;;"OUTRAS DESPESAS CORRENTES";;;45.153.500,00;45.153.500,00;0,00;0,00;0,00;0,00
;;;;"Material de Consumo";;13.398.200,00;13.398.200,00;0,00;0,00;0,00;0,00
;;;;;"SEM APLICACAO";170.000,00;170.000,00;0,00;0,00;0,00;0,00
;;;;"Outros Servicos de Terceiros   Pessoa Fisica";;1.294.000,00;1.294.000,00;0,00;0,00;0,00;0,00
;;;;;"SEM APLICACAO";581.000,00;581.000,00;0,00;0,00;0,00;0,00
;;;;"Outros Servicos de Terceiros   Pessoa Juridica";;21.614.000,00;21.614.000,00;0,00;0,00;0,00;0,00
;;;;;"SEM APLICACAO";290.000,00;290.000,00;0,00;0,00;0,00;0,00
;;;"PESSOAL E ENCARGOS SOCIAIS";;;60.501.000,00;60.501.000,00;0,00;0,00;0,00;0,00
;;;;"Contratacao por Tempo Determinado";;2.047.000,00;2.047.000,00;0,00;0,00;0,00;0,00
;;;;;"SEM APLICACAO";20.000,00;20.000,00;0,00;0,00;0,00;0,00
;;;;"Outras Despesas Variaveis   Pessoal Civil";;3.139.000,00;3.139.000,00;0,00;0,00;0,00;0,00
;;;;;"SEM APLICACAO";10.000,00;10.000,00;0,00;0,00;0,00;0,00
;;"DESPESAS DE CAPITAL";;;;3.866.100,00;3.866.100,00;0,00;0,00;0,00;0,00
;;;"INVESTIMENTOS";;;3.866.100,00;3.866.100,00;0,00;0,00;0,00;0,00
;;;;"Despesas de Exercicios Anteriores";;57.000,00;57.000,00;0,00;0,00;0,00;0,00
;;;;;"SEM APLICACAO";37.000,00;37.000,00;0,00;0,00;0,00;0,00
;;;;"Equipamentos e Material Permanente";;1.586.700,00;1.586.700,00;0,00;0,00;0,00;0,00
;;;;;"SEM APLICACAO";64.000,00;64.000,00;0,00;0,00;0,00;0,00
;;;;"Obras e Instalacoes";;2.222.400,00;2.222.400,00;0,00;0,00;0,00;0,00
;;;;;"SEM APLICACAO";482.400,00;482.400,00;0,00;0,00;0,00;0,00
;"FUNDO MUNICIPAL DE SEGURANCA PUBLICA CIDADA   ADMINISTRACAO DIRETA";;;;;961.000,00;961.000,00;0,00;0,00;0,00;0,00
;;"DESPESAS CORRENTES";;;;959.000,00;959.000,00;0,00;0,00;0,00;0,00
;;;"OUTRAS DESPESAS CORRENTES";;;270.600,00;270.600,00;0,00;0,00;0,00;0,00
;;;;"Despesas de Exercicios Anteriores";;1.000,00;1.000,00;0,00;0,00;0,00;0,00
;;;;;"SEM APLICACAO";1.000,00;1.000,00;0,00;0,00;0,00;0,00
;;;;"Diarias   Civil";;1.000,00;1.000,00;0,00;0,00;0,00;0,00
;;;;;"SEM APLICACAO";1.000,00;1.000,00;0,00;0,00;0,00;0,00
;;;;"Material de Consumo";;12.000,00;12.000,00;0,00;0,00;0,00;0,00
;;;;;"SEM APLICACAO";12.000,00;12.000,00;0,00;0,00;0,00;0,00
;;;;"Outros Servicos de Terceiros   Pessoa Juridica";;252.600,00;252.600,00;0,00;0,00;0,00;0,00
;;;;;"SEM APLICACAO";252.600,00;252.600,00;0,00;0,00;0,00;0,00
;;;;"Passagens e Despesas com Locomocao";;2.000,00;2.000,00;0,00;0,00;0,00;0,00
;;;;;"SEM APLICACAO";2.000,00;2.000,00;0,00;0,00;0,00;0,00
;;;;"Servicos de Consultoria";;2.000,00;2.000,00;0,00;0,00;0,00;0,00
;;;;;"SEM APLICACAO";2.000,00;2.000,00;0,00;0,00;0,00;0,00
;;;"PESSOAL E ENCARGOS SOCIAIS";;;688.400,00;688.400,00;0,00;0,00;0,00;0,00
;;;;"Outras Despesas Variaveis   Pessoal Civil";;5.400,00;5.400,00;0,00;0,00;0,00;0,00
;;;;;"SEM APLICACAO";5.400,00;5.400,00;0,00;0,00;0,00;0,00
;;;;"Vencimentos e Vantagens Fixas   Pessoal Civil";;683.000,00;683.000,00;0,00;0,00;0,00;0,00
;;;;;"SEM APLICACAO";683.000,00;683.000,00;0,00;0,00;0,00;0,00
;;"DESPESAS DE CAPITAL";;;;2.000,00;2.000,00;0,00;0,00;0,00;0,00
;;;"INVESTIMENTOS";;;2.000,00;2.000,00;0,00;0,00;0,00;0,00
;;;;"Equipamentos e Material Permanente";;2.000,00;2.000,00;0,00;0,00;0,00;0,00
;;;;;"SEM APLICACAO";2.000,00;2.000,00;0,00;0,00;0,00;0,00
;"GABINETE DO PREFEITO E RELACOES INSTITUCIONAIS   ADMINISTRACAO DIRETA";;;;;5.918.400,00;5.918.400,00;0,00;0,00;0,00;0,00
;;"DESPESAS CORRENTES";;;;5.889.400,00;5.889.400,00;0,00;0,00;0,00;0,00
;;;"OUTRAS DESPESAS CORRENTES";;;1.096.600,00;1.096.600,00;0,00;0,00;0,00;0,00
;;;;"Auxilio Alimentacao";;6.000,00;6.000,00;0,00;0,00;0,00;0,00
;;;;;"SEM APLICACAO";6.000,00;6.000,00;0,00;0,00;0,00;0,00
;;;;"Contribuicoes";;129.500,00;129.500,00;0,00;0,00;0,00;0,00
;;;;;"SEM APLICACAO";129.500,00;129.500,00;0,00;0,00;0,00;0,00
;;;;"Despesas de Exercicios Anteriores";;81.600,00;81.600,00;0,00;0,00;0,00;0,00
;;;;;"SEM APLICACAO";81.600,00;81.600,00;0,00;0,00;0,00;0,00
;;;;"Diarias   Civil";;12.000,00;12.000,00;0,00;0,00;0,00;0,00
;;;;;"SEM APLICACAO";12.000,00;12.000,00;0,00;0,00;0,00;0,00
;;;;"Indenizacoes e Restituicoes";;1.000,00;1.000,00;0,00;0,00;0,00;0,00
;;;;;"SEM APLICACAO";1.000,00;1.000,00;0,00;0,00;0,00;0,00
;;;;"Material de Consumo";;25.000,00;25.000,00;0,00;0,00;0,00;0,00
;;;;;"SEM APLICACAO";25.000,00;25.000,00;0,00;0,00;0,00;0,00
;;;;"Material de Distribuicao Gratuita";;1.000,00;1.000,00;0,00;0,00;0,00;0,00
;;;;;"SEM APLICACAO";1.000,00;1.000,00;0,00;0,00;0,00;0,00
;;;;"Outros Servicos de Terceiros   Pessoa Fisica";;5.000,00;5.000,00;0,00;0,00;0,00;0,00
;;;;;"SEM APLICACAO";5.000,00;5.000,00;0,00;0,00;0,00;0,00
;;;;"Outros Servicos de Terceiros   Pessoa Juridica";;832.500,00;832.500,00;0,00;0,00;0,00;0,00
;;;;;"SEM APLICACAO";832.500,00;832.500,00;0,00;0,00;0,00;0,00
;;;;"Passagens e Despesas com Locomocao";;3.000,00;3.000,00;0,00;0,00;0,00;0,00
;;;;;"SEM APLICACAO";3.000,00;3.000,00;0,00;0,00;0,00;0,00
;;;"PESSOAL E ENCARGOS SOCIAIS";;;4.792.800,00;4.792.800,00;0,00;0,00;0,00;0,00
;;;;"Despesas de Exercicios Anteriores";;5.000,00;5.000,00;0,00;0,00;0,00;0,00
;;;;;"SEM APLICACAO";5.000,00;5.000,00;0,00;0,00;0,00;0,00
;;;;"Outras Despesas Variaveis   Pessoal Civil";;120.800,00;120.800,00;0,00;0,00;0,00;0,00
;;;;;"SEM APLICACAO";120.800,00;120.800,00;0,00;0,00;0,00;0,00
;;;;"Ressarcimento de Despesas de Pessoal Requisitado";;5.000,00;5.000,00;0,00;0,00;0,00;0,00
;;;;;"SEM APLICACAO";5.000,00;5.000,00;0,00;0,00;0,00;0,00
;;;;"Vencimentos e Vantagens Fixas   Pessoal Civil";;4.662.000,00;4.662.000,00;0,00;0,00;0,00;0,00
;;;;;"SEM APLICACAO";4.662.000,00;4.662.000,00;0,00;0,00;0,00;0,00
;;"DESPESAS DE CAPITAL";;;;29.000,00;29.000,00;0,00;0,00;0,00;0,00
;;;"INVESTIMENTOS";;;29.000,00;29.000,00;0,00;0,00;0,00;0,00
;;;;"Equipamentos e Material Permanente";;29.000,00;29.000,00;0,00;0,00;0,00;0,00
;;;;;"SEM APLICACAO";29.000,00;29.000,00;0,00;0,00;0,00;0,00
;"GABINETE DO VICE PREFEITO   ADMINISTRACAO DIRETA";;;;;782.700,00;782.700,00;0,00;0,00;0,00;0,00
;;"DESPESAS CORRENTES";;;;775.200,00;775.200,00;0,00;0,00;0,00;0,00
;;;"OUTRAS DESPESAS CORRENTES";;;42.500,00;42.500,00;0,00;0,00;0,00;0,00
;;;;"Despesas de Exercicios Anteriores";;2.000,00;2.000,00;0,00;0,00;0,00;0,00
;;;;;"SEM APLICACAO";2.000,00;2.000,00;0,00;0,00;0,00;0,00
;;;;"Diarias   Civil";;12.000,00;12.000,00;0,00;0,00;0,00;0,00
;;;;;"SEM APLICACAO";12.000,00;12.000,00;0,00;0,00;0,00;0,00
;;;;"Material de Consumo";;17.000,00;17.000,00;0,00;0,00;0,00;0,00
;;;;;"SEM APLICACAO";17.000,00;17.000,00;0,00;0,00;0,00;0,00
;;;;"Outros Servicos de Terceiros   Pessoa Fisica";;1.000,00;1.000,00;0,00;0,00;0,00;0,00
;;;;;"SEM APLICACAO";1.000,00;1.000,00;0,00;0,00;0,00;0,00
;;;;"Outros Servicos de Terceiros   Pessoa Juridica";;8.500,00;8.500,00;0,00;0,00;0,00;0,00
;;;;;"SEM APLICACAO";8.500,00;8.500,00;0,00;0,00;0,00;0,00
;;;;"Passagens e Despesas com Locomocao";;2.000,00;2.000,00;0,00;0,00;0,00;0,00
;;;;;"SEM APLICACAO";2.000,00;2.000,00;0,00;0,00;0,00;0,00
;;;"PESSOAL E ENCARGOS SOCIAIS";;;732.700,00;732.700,00;0,00;0,00;0,00;0,00
;;;;"Outras Despesas Variaveis   Pessoal Civil";;5.000,00;5.000,00;0,00;0,00;0,00;0,00
;;;;;"SEM APLICACAO";5.000,00;5.000,00;0,00;0,00;0,00;0,00
;;;;"Vencimentos e Vantagens Fixas   Pessoal Civil";;727.700,00;727.700,00;0,00;0,00;0,00;0,00
;;;;;"SEM APLICACAO";727.700,00;727.700,00;0,00;0,00;0,00;0,00
;;"DESPESAS DE CAPITAL";;;;7.500,00;7.500,00;0,00;0,00;0,00;0,00
;;;"INVESTIMENTOS";;;7.500,00;7.500,00;0,00;0,00;0,00;0,00
;;;;"Equipamentos e Material Permanente";;7.500,00;7.500,00;0,00;0,00;0,00;0,00
;;;;;"SEM APLICACAO";7.500,00;7.500,00;0,00;0,00;0,00;0,00
;"RESERVA DE CONTIGENCIA";;;;;9.000.000,00;9.000.000,00;0,00;0,00;0,00;0,00
;;"Reserva de Contingencia";;;;9.000.000,00;9.000.000,00;0,00;0,00;0,00;0,00
;;;"Reserva de Contingencia";;;9.000.000,00;9.000.000,00;0,00;0,00;0,00;0,00
;;;;"Reserva de Contingencia";;9.000.000,00;9.000.000,00;0,00;0,00;0,00;0,00
;;;;;"SEM APLICACAO";9.000.000,00;9.000.000,00;0,00;0,00;0,00;0,00
;"SECRETARIA DA CONTROLADORIA  PLANEJAMENTO E GESTAO   ADMINISTRACAO DIRETA";;;;;1.434.200,00;1.434.200,00;0,00;0,00;0,00;0,00
;;"DESPESAS CORRENTES";;;;1.407.200,00;1.407.200,00;0,00;0,00;0,00;0,00
;;;"OUTRAS DESPESAS CORRENTES";;;223.100,00;223.100,00;0,00;0,00;0,00;0,00
;;;;"Despesas de Exercicios Anteriores";;7.000,00;7.000,00;0,00;0,00;0,00;0,00
;;;;;"SEM APLICACAO";7.000,00;7.000,00;0,00;0,00;0,00;0,00
;;;;"Diarias   Civil";;12.400,00;12.400,00;0,00;0,00;0,00;0,00
;;;;;"SEM APLICACAO";12.400,00;12.400,00;0,00;0,00;0,00;0,00
;;;;"Material de Consumo";;29.200,00;29.200,00;0,00;0,00;0,00;0,00
;;;;;"SEM APLICACAO";29.200,00;29.200,00;0,00;0,00;0,00;0,00
;;;;"Outros Servicos de Terceiros   Pessoa Fisica";;2.000,00;2.000,00;0,00;0,00;0,00;0,00
;;;;;"SEM APLICACAO";2.000,00;2.000,00;0,00;0,00;0,00;0,00
;;;;"Outros Servicos de Terceiros   Pessoa Juridica";;131.000,00;131.000,00;0,00;0,00;0,00;0,00
;;;;;"SEM APLICACAO";131.000,00;131.000,00;0,00;0,00;0,00;0,00
;;;;"Passagens e Despesas com Locomocao";;16.500,00;16.500,00;0,00;0,00;0,00;0,00
;;;;;"SEM APLICACAO";16.500,00;16.500,00;0,00;0,00;0,00;0,00
;;;;"Servicos de Consultoria";;25.000,00;25.000,00;0,00;0,00;0,00;0,00
;;;;;"SEM APLICACAO";25.000,00;25.000,00;0,00;0,00;0,00;0,00
;;;"PESSOAL E ENCARGOS SOCIAIS";;;1.184.100,00;1.184.100,00;0,00;0,00;0,00;0,00
;;;;"Despesas de Exercicios Anteriores";;5.000,00;5.000,00;0,00;0,00;0,00;0,00
;;;;;"SEM APLICACAO";5.000,00;5.000,00;0,00;0,00;0,00;0,00
;;;;"Outras Despesas Variaveis   Pessoal Civil";;15.000,00;15.000,00;0,00;0,00;0,00;0,00
;;;;;"SEM APLICACAO";15.000,00;15.000,00;0,00;0,00;0,00;0,00
;;;;"Ressarcimento de Despesas de Pessoal Requisitado";;154.600,00;154.600,00;0,00;0,00;0,00;0,00
;;;;;"SEM APLICACAO";154.600,00;154.600,00;0,00;0,00;0,00;0,00
;;;;"Vencimentos e Vantagens Fixas   Pessoal Civil";;1.009.500,00;1.009.500,00;0,00;0,00;0,00;0,00
;;;;;"SEM APLICACAO";1.009.500,00;1.009.500,00;0,00;0,00;0,00;0,00
;;"DESPESAS DE CAPITAL";;;;27.000,00;27.000,00;0,00;0,00;0,00;0,00
;;;"INVESTIMENTOS";;;27.000,00;27.000,00;0,00;0,00;0,00;0,00
;;;;"Equipamentos e Material Permanente";;27.000,00;27.000,00;0,00;0,00;0,00;0,00
;;;;;"SEM APLICACAO";27.000,00;27.000,00;0,00;0,00;0,00;0,00
;"SECRETARIA DE ADMINISTRACAO   ADMINISTRACAO DIRETA";;;;;8.437.200,00;8.437.200,00;0,00;0,00;0,00;0,00
;;"DESPESAS CORRENTES";;;;8.368.200,00;8.368.200,00;0,00;0,00;0,00;0,00
;;;"OUTRAS DESPESAS CORRENTES";;;3.031.800,00;3.031.800,00;0,00;0,00;0,00;0,00
;;;;"Auxilio Alimentacao";;7.300,00;7.300,00;0,00;0,00;0,00;0,00
;;;;;"SEM APLICACAO";7.300,00;7.300,00;0,00;0,00;0,00;0,00
;;;;"Despesas de Exercicios Anteriores";;27.100,00;27.100,00;0,00;0,00;0,00;0,00
;;;;;"SEM APLICACAO";27.100,00;27.100,00;0,00;0,00;0,00;0,00
;;;;"Diarias   Civil";;9.000,00;9.000,00;0,00;0,00;0,00;0,00
;;;;;"SEM APLICACAO";9.000,00;9.000,00;0,00;0,00;0,00;0,00
;;;;"Indenizacoes e Restituicoes";;1.000,00;1.000,00;0,00;0,00;0,00;0,00
;;;;;"SEM APLICACAO";1.000,00;1.000,00;0,00;0,00;0,00;0,00
;;;;"Material de Consumo";;198.200,00;198.200,00;0,00;0,00;0,00;0,00
;;;;;"SEM APLICACAO";198.200,00;198.200,00;0,00;0,00;0,00;0,00
;;;;"Outros Servicos de Terceiros   Pessoa Fisica";;7.000,00;7.000,00;0,00;0,00;0,00;0,00
;;;;;"SEM APLICACAO";7.000,00;7.000,00;0,00;0,00;0,00;0,00
;;;;"Outros Servicos de Terceiros   Pessoa Juridica";;1.929.100,00;1.929.100,00;0,00;0,00;0,00;0,00
;;;;;"SEM APLICACAO";1.929.100,00;1.929.100,00;0,00;0,00;0,00;0,00
;;;;"Passagens e Despesas com Locomocao";;204.100,00;204.100,00;0,00;0,00;0,00;0,00
;;;;;"SEM APLICACAO";204.100,00;204.100,00;0,00;0,00;0,00;0,00
;;;;"Servicos de Consultoria";;648.000,00;648.000,00;0,00;0,00;0,00;0,00
;;;;;"SEM APLICACAO";648.000,00;648.000,00;0,00;0,00;0,00;0,00
;;;;"Servicos de Tecnologia da Informacao e Comunicacao";;1.000,00;1.000,00;0,00;0,00;0,00;0,00
;;;;;"SEM APLICACAO";1.000,00;1.000,00;0,00;0,00;0,00;0,00
;;;"PESSOAL E ENCARGOS SOCIAIS";;;5.336.400,00;5.336.400,00;0,00;0,00;0,00;0,00
;;;;"Despesas de Exercicios Anteriores";;5.000,00;5.000,00;0,00;0,00;0,00;0,00
;;;;;"SEM APLICACAO";5.000,00;5.000,00;0,00;0,00;0,00;0,00
;;;;"Outras Despesas Variaveis   Pessoal Civil";;40.100,00;40.100,00;0,00;0,00;0,00;0,00
;;;;;"SEM APLICACAO";40.100,00;40.100,00;0,00;0,00;0,00;0,00
;;;;"Pensoes";;706.800,00;706.800,00;0,00;0,00;0,00;0,00
;;;;;"SEM APLICACAO";706.800,00;706.800,00;0,00;0,00;0,00;0,00
;;;;"Ressarcimento de Despesas de Pessoal Requisitado";;5.000,00;5.000,00;0,00;0,00;0,00;0,00
;;;;;"SEM APLICACAO";5.000,00;5.000,00;0,00;0,00;0,00;0,00
;;;;"Vencimentos e Vantagens Fixas   Pessoal Civil";;4.579.500,00;4.579.500,00;0,00;0,00;0,00;0,00
;;;;;"SEM APLICACAO";4.579.500,00;4.579.500,00;0,00;0,00;0,00;0,00
;;"DESPESAS DE CAPITAL";;;;69.000,00;69.000,00;0,00;0,00;0,00;0,00
;;;"INVESTIMENTOS";;;69.000,00;69.000,00;0,00;0,00;0,00;0,00
;;;;"Equipamentos e Material Permanente";;69.000,00;69.000,00;0,00;0,00;0,00;0,00
;;;;;"SEM APLICACAO";69.000,00;69.000,00;0,00;0,00;0,00;0,00
;"SECRETARIA DE ASSUNTOS JURIDICOS   ADMINISTRACAO DIRETA";;;;;14.080.200,00;14.080.200,00;0,00;0,00;0,00;0,00
;;"DESPESAS CORRENTES";;;;14.066.200,00;14.066.200,00;0,00;0,00;0,00;0,00
;;;"OUTRAS DESPESAS CORRENTES";;;3.185.000,00;3.185.000,00;0,00;0,00;0,00;0,00
;;;;"Despesas de Exercicios Anteriores";;4.000,00;4.000,00;0,00;0,00;0,00;0,00
;;;;;"SEM APLICACAO";4.000,00;4.000,00;0,00;0,00;0,00;0,00
;;;;"Diarias   Civil";;39.000,00;39.000,00;0,00;0,00;0,00;0,00
;;;;;"SEM APLICACAO";39.000,00;39.000,00;0,00;0,00;0,00;0,00
;;;;"Indenizacoes e Restituicoes";;1.000,00;1.000,00;0,00;0,00;0,00;0,00
;;;;;"SEM APLICACAO";1.000,00;1.000,00;0,00;0,00;0,00;0,00
;;;;"Material de Consumo";;124.000,00;124.000,00;0,00;0,00;0,00;0,00
;;;;;"SEM APLICACAO";124.000,00;124.000,00;0,00;0,00;0,00;0,00
;;;;"Outros Servicos de Terceiros   Pessoa Fisica";;50.000,00;50.000,00;0,00;0,00;0,00;0,00
;;;;;"SEM APLICACAO";50.000,00;50.000,00;0,00;0,00;0,00;0,00
;;;;"Outros Servicos de Terceiros   Pessoa Juridica";;689.000,00;689.000,00;0,00;0,00;0,00;0,00
;;;;;"SEM APLICACAO";689.000,00;689.000,00;0,00;0,00;0,00;0,00
;;;;"Passagens e Despesas com Locomocao";;30.000,00;30.000,00;0,00;0,00;0,00;0,00
;;;;;"SEM APLICACAO";30.000,00;30.000,00;0,00;0,00;0,00;0,00
;;;;"Sentencas Judiciais";;198.000,00;198.000,00;0,00;0,00;0,00;0,00
;;;;;"SEM APLICACAO";198.000,00;198.000,00;0,00;0,00;0,00;0,00
;;;;"Servicos de Consultoria";;2.050.000,00;2.050.000,00;0,00;0,00;0,00;0,00
;;;;;"SEM APLICACAO";2.050.000,00;2.050.000,00;0,00;0,00;0,00;0,00
;;;"PESSOAL E ENCARGOS SOCIAIS";;;10.881.200,00;10.881.200,00;0,00;0,00;0,00;0,00
;;;;"Despesas de Exercicios Anteriores";;6.000,00;6.000,00;0,00;0,00;0,00;0,00
;;;;;"SEM APLICACAO";6.000,00;6.000,00;0,00;0,00;0,00;0,00
;;;;"Outras Despesas Variaveis   Pessoal Civil";;295.200,00;295.200,00;0,00;0,00;0,00;0,00
;;;;;"SEM APLICACAO";295.200,00;295.200,00;0,00;0,00;0,00;0,00
;;;;"Ressarcimento de Despesas de Pessoal Requisitado";;5.000,00;5.000,00;0,00;0,00;0,00;0,00
;;;;;"SEM APLICACAO";5.000,00;5.000,00;0,00;0,00;0,00;0,00
;;;;"Sentencas Judiciais";;5.800.000,00;5.800.000,00;0,00;0,00;0,00;0,00
;;;;;"SEM APLICACAO";5.800.000,00;5.800.000,00;0,00;0,00;0,00;0,00
;;;;"Vencimentos e Vantagens Fixas   Pessoal Civil";;4.775.000,00;4.775.000,00;0,00;0,00;0,00;0,00
;;;;;"SEM APLICACAO";4.775.000,00;4.775.000,00;0,00;0,00;0,00;0,00
;;"DESPESAS DE CAPITAL";;;;14.000,00;14.000,00;0,00;0,00;0,00;0,00
;;;"INVESTIMENTOS";;;14.000,00;14.000,00;0,00;0,00;0,00;0,00
;;;;"Equipamentos e Material Permanente";;14.000,00;14.000,00;0,00;0,00;0,00;0,00
;;;;;"SEM APLICACAO";14.000,00;14.000,00;0,00;0,00;0,00;0,00
;"SECRETARIA DE DESENVOLVIMENTO ECONOMICO  TURISMO  E CULTURA   ADM. DIRETA";;;;;4.791.900,00;4.791.900,00;0,00;0,00;0,00;0,00
;;"DESPESAS CORRENTES";;;;4.526.900,00;4.526.900,00;0,00;0,00;0,00;0,00
;;;"OUTRAS DESPESAS CORRENTES";;;2.796.000,00;2.796.000,00;0,00;0,00;0,00;0,00
;;;;"Despesas de Exercicios Anteriores";;72.000,00;72.000,00;0,00;0,00;0,00;0,00
;;;;;"SEM APLICACAO";72.000,00;72.000,00;0,00;0,00;0,00;0,00
;;;;"Diarias   Civil";;50.000,00;50.000,00;0,00;0,00;0,00;0,00
;;;;;"SEM APLICACAO";50.000,00;50.000,00;0,00;0,00;0,00;0,00
;;;;"Indenizacoes e Restituicoes";;1.000,00;1.000,00;0,00;0,00;0,00;0,00
;;;;;"SEM APLICACAO";1.000,00;1.000,00;0,00;0,00;0,00;0,00
;;;;"Material de Consumo";;210.000,00;210.000,00;0,00;0,00;0,00;0,00
;;;;;"SEM APLICACAO";210.000,00;210.000,00;0,00;0,00;0,00;0,00
;;;;"Obrigacoes Tributarias e Contributivas";;13.000,00;13.000,00;0,00;0,00;0,00;0,00
;;;;;"SEM APLICACAO";13.000,00;13.000,00;0,00;0,00;0,00;0,00
;;;;"Outros Servicos de Terceiros   Pessoa Fisica";;87.100,00;87.100,00;0,00;0,00;0,00;0,00
;;;;;"SEM APLICACAO";87.100,00;87.100,00;0,00;0,00;0,00;0,00
;;;;"Outros Servicos de Terceiros   Pessoa Juridica";;2.247.000,00;2.247.000,00;0,00;0,00;0,00;0,00
;;;;;"SEM APLICACAO";2.247.000,00;2.247.000,00;0,00;0,00;0,00;0,00
;;;;"Passagens e Despesas com Locomocao";;60.900,00;60.900,00;0,00;0,00;0,00;0,00
;;;;;"SEM APLICACAO";60.900,00;60.900,00;0,00;0,00;0,00;0,00
;;;;"Servicos de Consultoria";;55.000,00;55.000,00;0,00;0,00;0,00;0,00
;;;;;"SEM APLICACAO";55.000,00;55.000,00;0,00;0,00;0,00;0,00
;;;"PESSOAL E ENCARGOS SOCIAIS";;;1.730.900,00;1.730.900,00;0,00;0,00;0,00;0,00
;;;;"Outras Despesas Variaveis   Pessoal Civil";;10.000,00;10.000,00;0,00;0,00;0,00;0,00
;;;;;"SEM APLICACAO";10.000,00;10.000,00;0,00;0,00;0,00;0,00
;;;;"Vencimentos e Vantagens Fixas   Pessoal Civil";;1.720.900,00;1.720.900,00;0,00;0,00;0,00;0,00
;;;;;"SEM APLICACAO";1.720.900,00;1.720.900,00;0,00;0,00;0,00;0,00
;;"DESPESAS DE CAPITAL";;;;265.000,00;265.000,00;0,00;0,00;0,00;0,00
;;;"INVESTIMENTOS";;;265.000,00;265.000,00;0,00;0,00;0,00;0,00
;;;;"Equipamentos e Material Permanente";;245.000,00;245.000,00;0,00;0,00;0,00;0,00
;;;;;"SEM APLICACAO";245.000,00;245.000,00;0,00;0,00;0,00;0,00
;;;;"Servicos de Consultoria";;20.000,00;20.000,00;0,00;0,00;0,00;0,00
;;;;;"SEM APLICACAO";20.000,00;20.000,00;0,00;0,00;0,00;0,00
;"SECRETARIA DE DESENV. URBANO  HABITACAO E MEIO AMBIENTE   ADMINISTRACAO DIRETA";;;;;5.549.300,00;5.549.300,00;0,00;0,00;0,00;0,00
;;"DESPESAS CORRENTES";;;;5.370.800,00;5.370.800,00;0,00;0,00;0,00;0,00
;;;"OUTRAS DESPESAS CORRENTES";;;1.041.000,00;1.041.000,00;0,00;0,00;0,00;0,00
;;;;"Despesas de Exercicios Anteriores";;23.000,00;23.000,00;0,00;0,00;0,00;0,00
;;;;;"SEM APLICACAO";23.000,00;23.000,00;0,00;0,00;0,00;0,00
;;;;"Diarias   Civil";;15.000,00;15.000,00;0,00;0,00;0,00;0,00
;;;;;"SEM APLICACAO";15.000,00;15.000,00;0,00;0,00;0,00;0,00
;;;;"Indenizacoes e Restituicoes";;200.000,00;200.000,00;0,00;0,00;0,00;0,00
;;;;;"SEM APLICACAO";200.000,00;200.000,00;0,00;0,00;0,00;0,00
;;;;"Material de Consumo";;126.000,00;126.000,00;0,00;0,00;0,00;0,00
;;;;;"SEM APLICACAO";126.000,00;126.000,00;0,00;0,00;0,00;0,00
;;;;"Obrigacoes Tributarias e Contributivas";;10.000,00;10.000,00;0,00;0,00;0,00;0,00
;;;;;"SEM APLICACAO";10.000,00;10.000,00;0,00;0,00;0,00;0,00
;;;;"Outros Servicos de Terceiros   Pessoa Fisica";;13.000,00;13.000,00;0,00;0,00;0,00;0,00
;;;;;"SEM APLICACAO";13.000,00;13.000,00;0,00;0,00;0,00;0,00
;;;;"Outros Servicos de Terceiros   Pessoa Juridica";;601.000,00;601.000,00;0,00;0,00;0,00;0,00
;;;;;"SEM APLICACAO";601.000,00;601.000,00;0,00;0,00;0,00;0,00
;;;;"Passagens e Despesas com Locomocao";;28.000,00;28.000,00;0,00;0,00;0,00;0,00
;;;;;"SEM APLICACAO";28.000,00;28.000,00;0,00;0,00;0,00;0,00
;;;;"Servicos de Consultoria";;25.000,00;25.000,00;0,00;0,00;0,00;0,00
;;;;;"SEM APLICACAO";25.000,00;25.000,00;0,00;0,00;0,00;0,00
;;;"PESSOAL E ENCARGOS SOCIAIS";;;4.329.800,00;4.329.800,00;0,00;0,00;0,00;0,00
;;;;"Outras Despesas Variaveis   Pessoal Civil";;30.000,00;30.000,00;0,00;0,00;0,00;0,00
;;;;;"SEM APLICACAO";30.000,00;30.000,00;0,00;0,00;0,00;0,00
;;;;"Ressarcimento de Despesas de Pessoal Requisitado";;5.000,00;5.000,00;0,00;0,00;0,00;0,00
;;;;;"SEM APLICACAO";5.000,00;5.000,00;0,00;0,00;0,00;0,00
;;;;"Vencimentos e Vantagens Fixas   Pessoal Civil";;4.294.800,00;4.294.800,00;0,00;0,00;0,00;0,00
;;;;;"SEM APLICACAO";4.294.800,00;4.294.800,00;0,00;0,00;0,00;0,00
;;"DESPESAS DE CAPITAL";;;;178.500,00;178.500,00;0,00;0,00;0,00;0,00
;;;"INVESTIMENTOS";;;178.500,00;178.500,00;0,00;0,00;0,00;0,00
;;;;"Aquisicao de Imoveis";;14.500,00;14.500,00;0,00;0,00;0,00;0,00
;;;;;"SEM APLICACAO";14.500,00;14.500,00;0,00;0,00;0,00;0,00
;;;;"Equipamentos e Material Permanente";;159.000,00;159.000,00;0,00;0,00;0,00;0,00
;;;;;"SEM APLICACAO";159.000,00;159.000,00;0,00;0,00;0,00;0,00
;;;;"Obras e Instalacoes";;5.000,00;5.000,00;0,00;0,00;0,00;0,00
;;;;;"SEM APLICACAO";5.000,00;5.000,00;0,00;0,00;0,00;0,00
;"SECRETARIA DE FINANCAS   ADMINISTRACAO DIRETA";;;;;13.223.100,00;13.223.100,00;0,00;0,00;0,00;0,00
;;"DESPESAS CORRENTES";;;;13.198.100,00;13.198.100,00;0,00;0,00;0,00;0,00
;;;"OUTRAS DESPESAS CORRENTES";;;2.502.300,00;2.502.300,00;0,00;0,00;0,00;0,00
;;;;"Auxilio Alimentacao";;5.000,00;5.000,00;0,00;0,00;0,00;0,00
;;;;;"SEM APLICACAO";5.000,00;5.000,00;0,00;0,00;0,00;0,00
;;;;"Despesas de Exercicios Anteriores";;5.000,00;5.000,00;0,00;0,00;0,00;0,00
;;;;;"SEM APLICACAO";5.000,00;5.000,00;0,00;0,00;0,00;0,00
;;;;"Diarias   Civil";;8.000,00;8.000,00;0,00;0,00;0,00;0,00
;;;;;"SEM APLICACAO";8.000,00;8.000,00;0,00;0,00;0,00;0,00
;;;;"Indenizacoes e Restituicoes";;32.000,00;32.000,00;0,00;0,00;0,00;0,00
;;;;;"SEM APLICACAO";32.000,00;32.000,00;0,00;0,00;0,00;0,00
;;;;"Material de Consumo";;18.000,00;18.000,00;0,00;0,00;0,00;0,00
;;;;;"SEM APLICACAO";18.000,00;18.000,00;0,00;0,00;0,00;0,00
;;;;"Outros Servicos de Terceiros   Pessoa Fisica";;5.000,00;5.000,00;0,00;0,00;0,00;0,00
;;;;;"SEM APLICACAO";5.000,00;5.000,00;0,00;0,00;0,00;0,00
;;;;"Outros Servicos de Terceiros   Pessoa Juridica";;2.421.300,00;2.421.300,00;0,00;0,00;0,00;0,00
;;;;;"SEM APLICACAO";2.421.300,00;2.421.300,00;0,00;0,00;0,00;0,00
;;;;"Passagens e Despesas com Locomocao";;3.000,00;3.000,00;0,00;0,00;0,00;0,00
;;;;;"SEM APLICACAO";3.000,00;3.000,00;0,00;0,00;0,00;0,00
;;;;"Servicos de Consultoria";;5.000,00;5.000,00;0,00;0,00;0,00;0,00
;;;;;"SEM APLICACAO";5.000,00;5.000,00;0,00;0,00;0,00;0,00
;;;"PESSOAL E ENCARGOS SOCIAIS";;;10.695.800,00;10.695.800,00;0,00;0,00;0,00;0,00
;;;;"Outras Despesas Variaveis   Pessoal Civil";;15.000,00;15.000,00;0,00;0,00;0,00;0,00
;;;;;"SEM APLICACAO";15.000,00;15.000,00;0,00;0,00;0,00;0,00
;;;;"Vencimentos e Vantagens Fixas   Pessoal Civil";;10.680.800,00;10.680.800,00;0,00;0,00;0,00;0,00
;;;;;"SEM APLICACAO";10.680.800,00;10.680.800,00;0,00;0,00;0,00;0,00
;;"DESPESAS DE CAPITAL";;;;25.000,00;25.000,00;0,00;0,00;0,00;0,00
;;;"INVESTIMENTOS";;;25.000,00;25.000,00;0,00;0,00;0,00;0,00
;;;;"Equipamentos e Material Permanente";;25.000,00;25.000,00;0,00;0,00;0,00;0,00
;;;;;"SEM APLICACAO";25.000,00;25.000,00;0,00;0,00;0,00;0,00
;"SECRETARIA DE INFRAESTRUTURA E SERVICOS PUBLICOS   ADMINISTRACAO DIRETA";;;;;111.434.200,00;111.434.200,00;0,00;0,00;0,00;0,00
;;"DESPESAS CORRENTES";;;;20.067.200,00;20.067.200,00;0,00;0,00;0,00;0,00
;;;"OUTRAS DESPESAS CORRENTES";;;13.602.800,00;13.602.800,00;0,00;0,00;0,00;0,00
;;;;"Auxilio Alimentacao";;7.200,00;7.200,00;0,00;0,00;0,00;0,00
;;;;;"SEM APLICACAO";7.200,00;7.200,00;0,00;0,00;0,00;0,00
;;;;"Despesas de Exercicios Anteriores";;32.400,00;32.400,00;0,00;0,00;0,00;0,00
;;;;;"SEM APLICACAO";32.400,00;32.400,00;0,00;0,00;0,00;0,00
;;;;"Diarias   Civil";;23.900,00;23.900,00;0,00;0,00;0,00;0,00
;;;;;"SEM APLICACAO";23.900,00;23.900,00;0,00;0,00;0,00;0,00
;;;;"Indenizacoes e Restituicoes";;4.000,00;4.000,00;0,00;0,00;0,00;0,00
;;;;;"SEM APLICACAO";4.000,00;4.000,00;0,00;0,00;0,00;0,00
;;;;"Material de Consumo";;1.644.200,00;1.644.200,00;0,00;0,00;0,00;0,00
;;;;;"SEM APLICACAO";1.644.200,00;1.644.200,00;0,00;0,00;0,00;0,00
;;;;"Outros Servicos de Terceiros   Pessoa Juridica";;11.747.100,00;11.747.100,00;0,00;0,00;0,00;0,00
;;;;;"SEM APLICACAO";11.747.100,00;11.747.100,00;0,00;0,00;0,00;0,00
;;;;"Passagens e Despesas com Locomocao";;8.000,00;8.000,00;0,00;0,00;0,00;0,00
;;;;;"SEM APLICACAO";8.000,00;8.000,00;0,00;0,00;0,00;0,00
;;;;"Servicos de Consultoria";;136.000,00;136.000,00;0,00;0,00;0,00;0,00
;;;;;"SEM APLICACAO";136.000,00;136.000,00;0,00;0,00;0,00;0,00
;;;"PESSOAL E ENCARGOS SOCIAIS";;;6.464.400,00;6.464.400,00;0,00;0,00;0,00;0,00
;;;;"Despesas de Exercicios Anteriores";;5.000,00;5.000,00;0,00;0,00;0,00;0,00
;;;;;"SEM APLICACAO";5.000,00;5.000,00;0,00;0,00;0,00;0,00
;;;;"Outras Despesas Variaveis   Pessoal Civil";;62.300,00;62.300,00;0,00;0,00;0,00;0,00
;;;;;"SEM APLICACAO";62.300,00;62.300,00;0,00;0,00;0,00;0,00
;;;;"Ressarcimento de Despesas de Pessoal Requisitado";;5.000,00;5.000,00;0,00;0,00;0,00;0,00
;;;;;"SEM APLICACAO";5.000,00;5.000,00;0,00;0,00;0,00;0,00
;;;;"Vencimentos e Vantagens Fixas   Pessoal Civil";;6.392.100,00;6.392.100,00;0,00;0,00;0,00;0,00
;;;;;"SEM APLICACAO";6.392.100,00;6.392.100,00;0,00;0,00;0,00;0,00
;;"DESPESAS DE CAPITAL";;;;91.367.000,00;91.367.000,00;0,00;0,00;0,00;0,00
;;;"INVESTIMENTOS";;;91.367.000,00;91.367.000,00;0,00;0,00;0,00;0,00
;;;;"Despesas de Exercicios Anteriores";;252.800,00;252.800,00;0,00;0,00;0,00;0,00
;;;;;"SEM APLICACAO";252.800,00;252.800,00;0,00;0,00;0,00;0,00
;;;;"Equipamentos e Material Permanente";;78.300,00;78.300,00;0,00;0,00;0,00;0,00
;;;;;"SEM APLICACAO";78.300,00;78.300,00;0,00;0,00;0,00;0,00
;;;;"Indenizacoes e Restituicoes";;493.300,00;493.300,00;0,00;0,00;0,00;0,00
;;;;;"SEM APLICACAO";493.300,00;493.300,00;0,00;0,00;0,00;0,00
;;;;"Obras e Instalacoes";;90.494.600,00;90.494.600,00;0,00;0,00;0,00;0,00
;;;;;"SEM APLICACAO";90.494.600,00;90.494.600,00;0,00;0,00;0,00;0,00
;;;;"Outros Servicos de Terceiros   Pessoa Juridica";;7.000,00;7.000,00;0,00;0,00;0,00;0,00
;;;;;"SEM APLICACAO";7.000,00;7.000,00;0,00;0,00;0,00;0,00
;;;;"Servicos de Consultoria";;41.000,00;41.000,00;0,00;0,00;0,00;0,00
;;;;;"SEM APLICACAO";41.000,00;41.000,00;0,00;0,00;0,00;0,00
;"SECRETARIA DE MOBILIDADE E ADMINISTRACAO DAS REGIONAIS   ADMINISTRACAO DIRETA";;;;;13.580.500,00;13.580.500,00;0,00;0,00;0,00;0,00
;;"DESPESAS CORRENTES";;;;13.539.500,00;13.539.500,00;0,00;0,00;0,00;0,00
;;;"OUTRAS DESPESAS CORRENTES";;;4.476.300,00;4.476.300,00;0,00;0,00;0,00;0,00
;;;;"Auxilio Alimentacao";;13.000,00;13.000,00;0,00;0,00;0,00;0,00
;;;;;"SEM APLICACAO";13.000,00;13.000,00;0,00;0,00;0,00;0,00
;;;;"Despesas de Exercicios Anteriores";;14.000,00;14.000,00;0,00;0,00;0,00;0,00
;;;;;"SEM APLICACAO";14.000,00;14.000,00;0,00;0,00;0,00;0,00
;;;;"Diarias   Civil";;16.000,00;16.000,00;0,00;0,00;0,00;0,00
;;;;;"SEM APLICACAO";16.000,00;16.000,00;0,00;0,00;0,00;0,00
;;;;"Indenizacoes e Restituicoes";;1.000,00;1.000,00;0,00;0,00;0,00;0,00
;;;;;"SEM APLICACAO";1.000,00;1.000,00;0,00;0,00;0,00;0,00
;;;;"Material de Consumo";;1.112.000,00;1.112.000,00;0,00;0,00;0,00;0,00
;;;;;"SEM APLICACAO";1.112.000,00;1.112.000,00;0,00;0,00;0,00;0,00
;;;;"Obrigacoes Tributarias e Contributivas";;15.000,00;15.000,00;0,00;0,00;0,00;0,00
;;;;;"SEM APLICACAO";15.000,00;15.000,00;0,00;0,00;0,00;0,00
;;;;"Outros Servicos de Terceiros   Pessoa Fisica";;41.000,00;41.000,00;0,00;0,00;0,00;0,00
;;;;;"SEM APLICACAO";41.000,00;41.000,00;0,00;0,00;0,00;0,00
;;;;"Outros Servicos de Terceiros   Pessoa Juridica";;2.862.300,00;2.862.300,00;0,00;0,00;0,00;0,00
;;;;;"SEM APLICACAO";2.862.300,00;2.862.300,00;0,00;0,00;0,00;0,00
;;;;"Passagens e Despesas com Locomocao";;27.000,00;27.000,00;0,00;0,00;0,00;0,00
;;;;;"SEM APLICACAO";27.000,00;27.000,00;0,00;0,00;0,00;0,00
;;;;"Servicos de Consultoria";;375.000,00;375.000,00;0,00;0,00;0,00;0,00
;;;;;"SEM APLICACAO";375.000,00;375.000,00;0,00;0,00;0,00;0,00
;;;"PESSOAL E ENCARGOS SOCIAIS";;;9.063.200,00;9.063.200,00;0,00;0,00;0,00;0,00
;;;;"Outras Despesas Variaveis   Pessoal Civil";;1.471.600,00;1.471.600,00;0,00;0,00;0,00;0,00
;;;;;"SEM APLICACAO";1.471.600,00;1.471.600,00;0,00;0,00;0,00;0,00
;;;;"Vencimentos e Vantagens Fixas   Pessoal Civil";;7.591.600,00;7.591.600,00;0,00;0,00;0,00;0,00
;;;;;"SEM APLICACAO";7.591.600,00;7.591.600,00;0,00;0,00;0,00;0,00
;;"DESPESAS DE CAPITAL";;;;41.000,00;41.000,00;0,00;0,00;0,00;0,00
;;;"INVESTIMENTOS";;;41.000,00;41.000,00;0,00;0,00;0,00;0,00
;;;;"Equipamentos e Material Permanente";;41.000,00;41.000,00;0,00;0,00;0,00;0,00
;;;;;"SEM APLICACAO";41.000,00;41.000,00;0,00;0,00;0,00;0,00
;"SECRETARIA DE POLITICAS SOCIAIS E ESPORTES   ADMINISTRACAO DIRETA";;;;;1.941.000,00;1.941.000,00;0,00;0,00;0,00;0,00
;;"DESPESAS CORRENTES";;;;1.941.000,00;1.941.000,00;0,00;0,00;0,00;0,00
;;;"OUTRAS DESPESAS CORRENTES";;;1.941.000,00;1.941.000,00;0,00;0,00;0,00;0,00
;;;;"Material de Consumo";;50.000,00;50.000,00;0,00;0,00;0,00;0,00
;;;;;"SEM APLICACAO";50.000,00;50.000,00;0,00;0,00;0,00;0,00
;;;;"Outros Servicos de Terceiros   Pessoa Juridica";;1.886.000,00;1.886.000,00;0,00;0,00;0,00;0,00
;;;;;"SEM APLICACAO";1.886.000,00;1.886.000,00;0,00;0,00;0,00;0,00
;;;;"Subvencoes Sociais";;5.000,00;5.000,00;0,00;0,00;0,00;0,00
;;;;;"SEM APLICACAO";5.000,00;5.000,00;0,00;0,00;0,00;0,00
;"SECRETARIA DE SEGURANCA CIDADA E DEFESA CIVIL   ADMINISTRACAO DIRETA";;;;;11.555.000,00;11.555.000,00;0,00;0,00;0,00;0,00
;;"DESPESAS CORRENTES";;;;11.455.200,00;11.455.200,00;0,00;0,00;0,00;0,00
;;;"OUTRAS DESPESAS CORRENTES";;;1.284.000,00;1.284.000,00;0,00;0,00;0,00;0,00
;;;;"Auxilio Alimentacao";;5.000,00;5.000,00;0,00;0,00;0,00;0,00
;;;;;"SEM APLICACAO";5.000,00;5.000,00;0,00;0,00;0,00;0,00
;;;;"Despesas de Exercicios Anteriores";;2.000,00;2.000,00;0,00;0,00;0,00;0,00
;;;;;"SEM APLICACAO";2.000,00;2.000,00;0,00;0,00;0,00;0,00
;;;;"Diarias   Civil";;12.000,00;12.000,00;0,00;0,00;0,00;0,00
;;;;;"SEM APLICACAO";12.000,00;12.000,00;0,00;0,00;0,00;0,00
;;;;"Material de Consumo";;118.000,00;118.000,00;0,00;0,00;0,00;0,00
;;;;;"SEM APLICACAO";118.000,00;118.000,00;0,00;0,00;0,00;0,00
;;;;"Outros Servicos de Terceiros   Pessoa Fisica";;1.000,00;1.000,00;0,00;0,00;0,00;0,00
;;;;;"SEM APLICACAO";1.000,00;1.000,00;0,00;0,00;0,00;0,00
;;;;"Outros Servicos de Terceiros   Pessoa Juridica";;1.142.000,00;1.142.000,00;0,00;0,00;0,00;0,00
;;;;;"SEM APLICACAO";1.142.000,00;1.142.000,00;0,00;0,00;0,00;0,00
;;;;"Passagens e Despesas com Locomocao";;3.000,00;3.000,00;0,00;0,00;0,00;0,00
;;;;;"SEM APLICACAO";3.000,00;3.000,00;0,00;0,00;0,00;0,00
;;;;"Servicos de Consultoria";;1.000,00;1.000,00;0,00;0,00;0,00;0,00
;;;;;"SEM APLICACAO";1.000,00;1.000,00;0,00;0,00;0,00;0,00
;;;"PESSOAL E ENCARGOS SOCIAIS";;;10.171.200,00;10.171.200,00;0,00;0,00;0,00;0,00
;;;;"Despesas de Exercicios Anteriores";;5.000,00;5.000,00;0,00;0,00;0,00;0,00
;;;;;"SEM APLICACAO";5.000,00;5.000,00;0,00;0,00;0,00;0,00
;;;;"Outras Despesas Variaveis   Pessoal Civil";;1.843.000,00;1.843.000,00;0,00;0,00;0,00;0,00
;;;;;"SEM APLICACAO";1.843.000,00;1.843.000,00;0,00;0,00;0,00;0,00
;;;;"Ressarcimento de Despesas de Pessoal Requisitado";;5.000,00;5.000,00;0,00;0,00;0,00;0,00
;;;;;"SEM APLICACAO";5.000,00;5.000,00;0,00;0,00;0,00;0,00
;;;;"Vencimentos e Vantagens Fixas   Pessoal Civil";;8.318.200,00;8.318.200,00;0,00;0,00;0,00;0,00
;;;;;"SEM APLICACAO";8.318.200,00;8.318.200,00;0,00;0,00;0,00;0,00
;;"DESPESAS DE CAPITAL";;;;99.800,00;99.800,00;0,00;0,00;0,00;0,00
;;;"INVESTIMENTOS";;;99.800,00;99.800,00;0,00;0,00;0,00;0,00
;;;;"Equipamentos e Material Permanente";;99.800,00;99.800,00;0,00;0,00;0,00;0,00
;;;;;"SEM APLICACAO";99.800,00;99.800,00;0,00;0,00;0,00;0,00
;"SECRETARIA EXECUTIVA DE POLITICAS PARA AS MULHERES";;;;;414.000,00;414.000,00;0,00;0,00;0,00;0,00
;;"DESPESAS CORRENTES";;;;412.600,00;412.600,00;0,00;0,00;0,00;0,00
;;;"OUTRAS DESPESAS CORRENTES";;;253.700,00;253.700,00;0,00;0,00;0,00;0,00
;;;;"Despesas de Exercicios Anteriores";;3.000,00;3.000,00;0,00;0,00;0,00;0,00
;;;;;"SEM APLICACAO";3.000,00;3.000,00;0,00;0,00;0,00;0,00
;;;;"Diarias   Civil";;4.400,00;4.400,00;0,00;0,00;0,00;0,00
;;;;;"SEM APLICACAO";4.400,00;4.400,00;0,00;0,00;0,00;0,00
;;;;"Material de Consumo";;9.400,00;9.400,00;0,00;0,00;0,00;0,00
;;;;;"SEM APLICACAO";9.400,00;9.400,00;0,00;0,00;0,00;0,00
;;;;"Material de Distribuicao Gratuita";;42.000,00;42.000,00;0,00;0,00;0,00;0,00
;;;;;"SEM APLICACAO";42.000,00;42.000,00;0,00;0,00;0,00;0,00
;;;;"Outros Auxilios Financeiros a Pessoas Fisicas";;80.000,00;80.000,00;0,00;0,00;0,00;0,00
;;;;;"SEM APLICACAO";80.000,00;80.000,00;0,00;0,00;0,00;0,00
;;;;"Outros Servicos de Terceiros   Pessoa Fisica";;2.700,00;2.700,00;0,00;0,00;0,00;0,00
;;;;;"SEM APLICACAO";2.700,00;2.700,00;0,00;0,00;0,00;0,00
;;;;"Outros Servicos de Terceiros   Pessoa Juridica";;111.200,00;111.200,00;0,00;0,00;0,00;0,00
;;;;;"SEM APLICACAO";111.200,00;111.200,00;0,00;0,00;0,00;0,00
;;;;"Passagens e Despesas com Locomocao";;1.000,00;1.000,00;0,00;0,00;0,00;0,00
;;;;;"SEM APLICACAO";1.000,00;1.000,00;0,00;0,00;0,00;0,00
;;;"PESSOAL E ENCARGOS SOCIAIS";;;158.900,00;158.900,00;0,00;0,00;0,00;0,00
;;;;"Contratacao por Tempo Determinado";;5.000,00;5.000,00;0,00;0,00;0,00;0,00
;;;;;"SEM APLICACAO";5.000,00;5.000,00;0,00;0,00;0,00;0,00
;;;;"Outras Despesas Variaveis   Pessoal Civil";;67.300,00;67.300,00;0,00;0,00;0,00;0,00
;;;;;"SEM APLICACAO";67.300,00;67.300,00;0,00;0,00;0,00;0,00
;;;;"Vencimentos e Vantagens Fixas   Pessoal Civil";;86.600,00;86.600,00;0,00;0,00;0,00;0,00
;;;;;"SEM APLICACAO";86.600,00;86.600,00;0,00;0,00;0,00;0,00
;;"DESPESAS DE CAPITAL";;;;1.400,00;1.400,00;0,00;0,00;0,00;0,00
;;;"INVESTIMENTOS";;;1.400,00;1.400,00;0,00;0,00;0,00;0,00
;;;;"Equipamentos e Material Permanente";;1.400,00;1.400,00;0,00;0,00;0,00;0,00
;;;;;"SEM APLICACAO";1.400,00;1.400,00;0,00;0,00;0,00;0,00
;"SECRETARIA MUNICIPALDE EDUCACAO   ADMINISTRACAO DIRETA";;;;;31.000,00;31.000,00;0,00;0,00;0,00;0,00
;;"DESPESAS CORRENTES";;;;29.000,00;29.000,00;0,00;0,00;0,00;0,00
;;;"OUTRAS DESPESAS CORRENTES";;;9.000,00;9.000,00;0,00;0,00;0,00;0,00
;;;;"Diarias   Civil";;1.000,00;1.000,00;0,00;0,00;0,00;0,00
;;;;;"SEM APLICACAO";1.000,00;1.000,00;0,00;0,00;0,00;0,00
;;;;"Material de Consumo";;2.000,00;2.000,00;0,00;0,00;0,00;0,00
;;;;;"SEM APLICACAO";2.000,00;2.000,00;0,00;0,00;0,00;0,00
;;;;"Outros Servicos de Terceiros   Pessoa Fisica";;2.000,00;2.000,00;0,00;0,00;0,00;0,00
;;;;;"SEM APLICACAO";2.000,00;2.000,00;0,00;0,00;0,00;0,00
;;;;"Outros Servicos de Terceiros   Pessoa Juridica";;2.000,00;2.000,00;0,00;0,00;0,00;0,00
;;;;;"SEM APLICACAO";2.000,00;2.000,00;0,00;0,00;0,00;0,00
;;;;"Passagens e Despesas com Locomocao";;1.000,00;1.000,00;0,00;0,00;0,00;0,00
;;;;;"SEM APLICACAO";1.000,00;1.000,00;0,00;0,00;0,00;0,00
;;;;"Servicos de Consultoria";;1.000,00;1.000,00;0,00;0,00;0,00;0,00
;;;;;"SEM APLICACAO";1.000,00;1.000,00;0,00;0,00;0,00;0,00
;;;"PESSOAL E ENCARGOS SOCIAIS";;;20.000,00;20.000,00;0,00;0,00;0,00;0,00
;;;;"Outras Despesas Variaveis   Pessoal Civil";;10.000,00;10.000,00;0,00;0,00;0,00;0,00
;;;;;"SEM APLICACAO";10.000,00;10.000,00;0,00;0,00;0,00;0,00
;;;;"Vencimentos e Vantagens Fixas   Pessoal Civil";;10.000,00;10.000,00;0,00;0,00;0,00;0,00
;;;;;"SEM APLICACAO";10.000,00;10.000,00;0,00;0,00;0,00;0,00
;;"DESPESAS DE CAPITAL";;;;2.000,00;2.000,00;0,00;0,00;0,00;0,00
;;;"INVESTIMENTOS";;;2.000,00;2.000,00;0,00;0,00;0,00;0,00
;;;;"Equipamentos e Material Permanente";;2.000,00;2.000,00;0,00;0,00;0,00;0,00
;;;;;"SEM APLICACAO";2.000,00;2.000,00;0,00;0,00;0,00;0,00
;"SECRETARIA MUNICIPAL DE SAUDE   ADMINISTRACAO DIRETA";;;;;7.000,00;7.000,00;0,00;0,00;0,00;0,00
;;"DESPESAS CORRENTES";;;;7.000,00;7.000,00;0,00;0,00;0,00;0,00
;;;"OUTRAS DESPESAS CORRENTES";;;6.000,00;6.000,00;0,00;0,00;0,00;0,00
;;;;"Indenizacoes e Restituicoes";;5.000,00;5.000,00;0,00;0,00;0,00;0,00
;;;;;"SEM APLICACAO";5.000,00;5.000,00;0,00;0,00;0,00;0,00
;;;;"Material de Consumo";;1.000,00;1.000,00;0,00;0,00;0,00;0,00
;;;;;"SEM APLICACAO";1.000,00;1.000,00;0,00;0,00;0,00;0,00
;;;"PESSOAL E ENCARGOS SOCIAIS";;;1.000,00;1.000,00;0,00;0,00;0,00;0,00
;;;;"Vencimentos e Vantagens Fixas   Pessoal Civil";;1.000,00;1.000,00;0,00;0,00;0,00;0,00
;;;;;"SEM APLICACAO";1.000,00;1.000,00;0,00;0,00;0,00;0,00
