Função;Subfunção;Programa;Projeto/Atividade/Operações Especiais;Ação;Dotação Inicial;Dotação Atualizada;Empenhado (E);Liquidado;Pago (P);P/E
"Administracao";;;;;68.438.680,00;62.705.600,00;58.330.415,64;57.764.064,22;53.636.958,84;91,95
;"Administracao Financeira";;;;1.148.800,00;726.480,00;726.460,48;726.460,48;726.460,48;100,00
;;"GESTAO DO SISTEMA DE CONTROLE INTERNO DO MUNICIPIO";;;1.148.800,00;726.480,00;726.460,48;726.460,48;726.460,48;100,00
;;;"ADMINISTRACAO ORCAMENTARIA  FINANCEIRA E CONTABIL DO MUNICIPIO";;1.148.800,00;726.480,00;726.460,48;726.460,48;726.460,48;100,00
;;;;"ADMINISTRACAO ORCAMENTARIA  FINANCEIRA E CONTABIL DO MUNICIPIO";1.148.800,00;726.480,00;726.460,48;726.460,48;726.460,48;100,00
;"Administracao Geral";;;;39.623.680,00;40.776.120,00;39.095.955,32;38.594.552,26;35.862.274,26;91,73
;;"APOIO ADMINISTRATIVO AS ACOES DE SECRETARIA DA DESENVOLVIMENTO ECONOMICO";;;1.188.800,00;2.500.840,00;2.500.759,52;2.500.759,52;2.317.772,76;92,68
;;;"GESTAO ADMINISTRATIVA DAS ACOES DA SECRETARIA DE DESENVOLVIMENTO ECONOMICO  TURISMO E CULTURA";;1.188.800,00;2.500.840,00;2.500.759,52;2.500.759,52;2.317.772,76;92,68
;;;;"GESTAO ADMINISTRATIVA DAS ACOES DA SECRETARIA DE DESENVOLVIMENTO ECONOMICO  TURISMO E CULTURA";1.188.800,00;2.500.840,00;2.500.759,52;2.500.759,52;2.317.772,76;92,68
;;"APOIO ADMINISTRATIVO AS ACOES DE SECRETARIA DE ADMINISTRACAO";;;6.001.460,00;7.172.240,00;7.172.178,96;7.072.342,12;6.579.654,64;91,74
;;;"GESTAO ADMINISTRATIVA DAS ACOES DA SECRETARIA DE ADMINISTRACAO";;6.001.460,00;7.172.240,00;7.172.178,96;7.072.342,12;6.579.654,64;91,74
;;;;"GESTAO ADMINISTRATIVA DAS ACOES DA SECRETARIA DE ADMINISTRACAO";6.001.460,00;7.172.240,00;7.172.178,96;7.072.342,12;6.579.654,64;91,74
;;"APOIO ADMINISTRATIVO AS ACOES DE SECRETARIA DE EDUCACAO";;;8.000,00;33.620,00;31.606,08;31.606,08;31.606,08;100,00
;;;"REGULARIZACAO DE SALDOS DE RECURSOS DE CONVENIOS DA SECRETARIA DE EDUCACAO";;8.000,00;33.620,00;31.606,08;31.606,08;31.606,08;100,00
;;;;"REGULARIZACAO DE SALDOS DE RECURSOS DE CONVENIOS DA SECRETARIA DE EDUCACAO";8.000,00;33.620,00;31.606,08;31.606,08;31.606,08;100,00
;;"APOIO ADMINISTRATIVO AS ACOES DE SECRETARIA DE FINANCAS";;;1.605.800,00;1.576.280,00;1.576.223,34;1.544.336,94;1.391.241,26;88,26
;;;"GESTAO ADMINISTRATIVA DAS ACOES DA SECRETARIA DE FINANCAS";;1.605.800,00;1.576.280,00;1.576.223,34;1.544.336,94;1.391.241,26;88,26
;;;;"GESTAO ADMINISTRATIVA DAS ACOES DA SECRETARIA DE FINANCAS";1.605.800,00;1.576.280,00;1.576.223,34;1.544.336,94;1.391.241,26;88,26
;;"APOIO ADMINISTRATIVO AS ACOES DE SECRETARIA DE POLITICAS SOCIAIS  ESPORTES E JUVENTUDE";;;3.187.600,00;3.705.980,00;3.701.720,96;3.701.720,96;3.455.851,02;93,36
;;;"GESTAO ADMINISTRATIVA DAS ACOES DO FUNDO MUNICIPAL DE ASSISTENCIA DE POLITICAS SOCIAIS";;3.183.600,00;3.342.200,00;3.342.160,88;3.342.160,88;3.096.290,94;92,64
;;;;"GESTAO ADMINISTRATIVA DAS ACOES DO FUNDO MUNICIPAL DE ASSISTENCIA DE POLITICAS SOCIAIS";3.183.600,00;3.342.200,00;3.342.160,88;3.342.160,88;3.096.290,94;92,64
;;;"REGULARIZACAO DE SALDOS DE RECURSOS DE CONVENIOS E PROGRAMAS";;4.000,00;363.780,00;359.560,08;359.560,08;359.560,08;100,00
;;;;"REGULARIZACAO DE SALDOS DE RECURSOS DE CONVENIOS E PROGRAMAS";4.000,00;363.780,00;359.560,08;359.560,08;359.560,08;100,00
;;"APOIO ADMINISTRATIVO AS ACOES DE SECRETARIA DE TURISMO E CULTURA";;;2.000,00;0,00;0,00;0,00;0,00;0,00
;;;"REGULARIZACAO DE SALDOS DE RECURSOS DE CONVENIOS DA SECRETARIA DE DESENVOLVIMENTO ECONOMICO  TURISMO E CULTURA";;2.000,00;0,00;0,00;0,00;0,00;0,00
;;;;"REGULARIZACAO DE SALDOS DE RECURSOS DE CONVENIOS DA SECRETARIA DE DESENVOLVIMENTO ECONOMICO  TURISMO E CULTURA";2.000,00;0,00;0,00;0,00;0,00;0,00
;;"APOIO ADMINISTRATIVO AS ACOES DO GABINETE DO PREFEITO";;;2.214.600,00;2.990.980,00;2.990.929,64;2.990.929,64;2.767.494,14;92,53
;;;"GESTAO ADMINISTRATIVA DAS ACOES DO GABINETE DO PREFEITO E RELACOES INSTITUCIONAIS";;2.214.600,00;2.990.980,00;2.990.929,64;2.990.929,64;2.767.494,14;92,53
;;;;"GESTAO ADMINISTRATIVA DAS ACOES DO GABINETE DO PREFEITO E RELACOES INSTITUCIONAIS";2.214.600,00;2.990.980,00;2.990.929,64;2.990.929,64;2.767.494,14;92,53
;;"ASSESSORAMENTO SUPERIOR AO CHEFE DO EXECUTIVO MUNICIPAL";;;2.032.000,00;1.744.320,00;1.744.291,56;1.744.291,56;1.624.802,68;93,15
;;;"ACAO DE ASSESSORAMENTO AO PREFEITO";;100.000,00;0,00;0,00;0,00;0,00;0,00
;;;;"ACAO DE ASSESSORAMENTO AO PREFEITO";100.000,00;0,00;0,00;0,00;0,00;0,00
;;;"GESTAO ADMINISTRATIVA DAS ACOES DO GABINETE DO VICE PREFEITO";;1.932.000,00;1.744.320,00;1.744.291,56;1.744.291,56;1.624.802,68;93,15
;;;;"GESTAO ADMINISTRATIVA DAS ACOES DO GABINETE DO VICE PREFEITO";1.932.000,00;1.744.320,00;1.744.291,56;1.744.291,56;1.624.802,68;93,15
;;"COORDENACAO DAS RELACOES PUBLICAS DO EXECUTUVO MUNICIPAL";;;967.000,00;320.000,00;320.000,00;320.000,00;288.000,00;90,00
;;;"ARTICULACAO DAS RELACOES POLITICAS DO PREFEITO";;967.000,00;320.000,00;320.000,00;320.000,00;288.000,00;90,00
;;;;"ARTICULACAO DAS RELACOES POLITICAS DO PREFEITO";967.000,00;320.000,00;320.000,00;320.000,00;288.000,00;90,00
;;"GESTAO DA POLITICA DAS FINANCAS DO MUNICIPIO";;;2.193.200,00;1.088.740,00;1.088.727,34;1.088.727,34;1.012.327,34;92,98
;;;"SUPERVISAO E COORDENACAO DAS ACOES DA SECRETARIA DE FINANCAS";;2.193.200,00;1.088.740,00;1.088.727,34;1.088.727,34;1.012.327,34;92,98
;;;;"SUPERVISAO E COORDENACAO DAS ACOES DA SECRETARIA DE FINANCAS";2.193.200,00;1.088.740,00;1.088.727,34;1.088.727,34;1.012.327,34;92,98
;;"GESTAO DA POLITICA DE DESENVOLVIMENTO ECONOMICO DO MUNICIPIO";;;1.573.200,00;1.188.820,00;1.188.788,40;1.188.788,40;1.136.799,52;95,63
;;;"DIRECAO  SUPERVISAO E COORDENACAO DAS ACOES DA SECRETARIA DE DESENVOLVIMENTO ECONOMICO  TURISMO E CULTURA";;1.573.200,00;1.188.820,00;1.188.788,40;1.188.788,40;1.136.799,52;95,63
;;;;"DIRECAO  SUPERVISAO E COORDENACAO DAS ACOES DA SECRETARIA DE DESENVOLVIMENTO ECONOMICO  TURISMO E CULTURA";1.573.200,00;1.188.820,00;1.188.788,40;1.188.788,40;1.136.799,52;95,63
;;"GESTAO DAS ACOES ADMINISTRATIVAS NO MUNICIPIO";;;1.212.200,00;1.657.160,00;1.657.112,86;1.535.112,86;1.405.547,58;84,82
;;;"DIRECAO  SUPERVISAO E COORDENACAO DAS ACOES DA SECRETARIA DE ADMINISTRACAO.";;1.212.200,00;1.657.160,00;1.657.112,86;1.535.112,86;1.405.547,58;84,82
;;;;"DIRECAO  SUPERVISAO E COORDENACAO DAS ACOES DA SECRETARIA DE ADMINISTRACAO.";1.212.200,00;1.657.160,00;1.657.112,86;1.535.112,86;1.405.547,58;84,82
;;"GESTAO DAS ACOES DAS ADMINISTRACOES REGIONAIS";;;4.010.000,00;3.416.560,00;3.416.532,82;3.416.532,82;3.131.183,72;91,65
;;;"APOIO AS ADMINISTRACOES REGIONAIS DO MUNICIPIO";;3.966.000,00;3.416.560,00;3.416.532,82;3.416.532,82;3.131.183,72;91,65
;;;;"APOIO AS ADMINISTRACOES REGIONAIS DO MUNICIPIO";3.966.000,00;3.416.560,00;3.416.532,82;3.416.532,82;3.131.183,72;91,65
;;;"SUPERVISAO E COORDENACAO DAS ACOES DA COORDENADORIA DAS ADMINISTRACOES DAS REGIONAIS";;44.000,00;0,00;0,00;0,00;0,00;0,00
;;;;"SUPERVISAO E COORDENACAO DAS ACOES DA COORDENADORIA DAS ADMINISTRACOES DAS REGIONAIS";44.000,00;0,00;0,00;0,00;0,00;0,00
;;"GESTAO DOS PROCESSOS ADMINISTRATIVOS DO MUNICIPIO";;;6.243.820,00;6.588.140,00;4.914.986,70;4.872.653,36;4.579.911,14;93,18
;;;"ADMINISTRACAO DE PESSOAL";;2.846.560,00;3.645.380,00;3.645.318,38;3.602.985,04;3.405.479,74;93,42
;;;;"ADMINISTRACAO DE PESSOAL";2.846.560,00;3.645.380,00;3.645.318,38;3.602.985,04;3.405.479,74;93,42
;;;"ADMINISTRACAO E CONTROLE DO PATRIMONIO DO MUNICIPIO";;742.580,00;612.000,00;611.945,58;611.945,58;570.966,76;93,30
;;;;"ADMINISTRACAO E CONTROLE DO PATRIMONIO DO MUNICIPIO";742.580,00;612.000,00;611.945,58;611.945,58;570.966,76;93,30
;;;"GESTAO DOS PROCESSOS DE COMPRAS E SUPRIMENTOS";;981.680,00;657.760,00;657.722,74;657.722,74;603.464,64;91,75
;;;;"GESTAO DOS PROCESSOS DE COMPRAS E SUPRIMENTOS";981.680,00;657.760,00;657.722,74;657.722,74;603.464,64;91,75
;;;"MODERNIZACAO ADMINISTRATIVA DA SECRETARIA DE ADMINISTRACAO   PMAT";;1.673.000,00;1.673.000,00;0,00;0,00;0,00;0,00
;;;;"MODERNIZACAO ADMINISTRATIVA DA SECRETARIA DE ADMINISTRACAO   PMAT";1.673.000,00;1.673.000,00;0,00;0,00;0,00;0,00
;;"GESTAO SUPERIOR DA ADMINISTRACAO MUNICIPAL";;;6.612.000,00;6.592.280,00;6.592.190,06;6.586.750,66;6.140.082,38;93,14
;;;"DIRECAO  SUPERVISAO E COORDENACAO DAS ACOES DO GABINETE DO PREFEITO E RELACOES INSTITUCIONAIS";;6.576.000,00;6.592.280,00;6.592.190,06;6.586.750,66;6.140.082,38;93,14
;;;;"DIRECAO  SUPERVISAO E COORDENACAO DAS ACOES DO GABINETE DO PREFEITO E RELACOES INSTITUCIONAIS";6.576.000,00;6.592.280,00;6.592.190,06;6.586.750,66;6.140.082,38;93,14
;;;"SERVICO DE PROTOCOLO DO GABINETE DO PREFEITO";;36.000,00;0,00;0,00;0,00;0,00;0,00
;;;;"SERVICO DE PROTOCOLO DO GABINETE DO PREFEITO";36.000,00;0,00;0,00;0,00;0,00;0,00
;;"MELHORIA DOS PREDIOS PUBLICOS";;;570.000,00;200.000,00;199.907,08;0,00;0,00;0,00
;;;"CONSERVACAO DE PREDIOS DA ADMINISTRACAO PUBLICA MUNIICIPAL";;570.000,00;200.000,00;199.907,08;0,00;0,00;0,00
;;;;"CONSERVACAO DE PREDIOS DA ADMINISTRACAO PUBLICA MUNIICIPAL";570.000,00;200.000,00;199.907,08;0,00;0,00;0,00
;;"PLANEJAMENTO DA POLITICA DE ACAO DE SAUDE DO MUNICIPIO";;;2.000,00;160,00;0,00;0,00;0,00;0,00
;;;"REGULARIZACAO DE SALDOS DE RECURSOS DE CONVENIOS DA SECRETARIA DE SAUDE";;2.000,00;160,00;0,00;0,00;0,00;0,00
;;;;"REGULARIZACAO DE SALDOS DE RECURSOS DE CONVENIOS DA SECRETARIA DE SAUDE";2.000,00;160,00;0,00;0,00;0,00;0,00
;"Comunicacao Social";;;;2.243.400,00;947.540,00;947.528,84;924.560,48;835.758,50;88,20
;;"GESTAO SUPERIOR DA ADMINISTRACAO MUNICIPAL";;;2.243.400,00;947.540,00;947.528,84;924.560,48;835.758,50;88,20
;;;"COMUNICACAO SOCIAL E DIVULGACAO OFICIAL DOS ATOS GOVERNAMENTAIS";;2.243.400,00;947.540,00;947.528,84;924.560,48;835.758,50;88,20
;;;;"COMUNICACAO SOCIAL E DIVULGACAO OFICIAL DOS ATOS GOVERNAMENTAIS";2.243.400,00;947.540,00;947.528,84;924.560,48;835.758,50;88,20
;"Controle Interno";;;;2.025.000,00;1.472.440,00;672.373,02;672.373,02;611.894,70;91,01
;;"GESTAO DAS ACOES DA CONTROLADORIA GERAL E OUVIDORIA";;;2.003.000,00;1.472.440,00;672.373,02;672.373,02;611.894,70;91,01
;;;"GESTAO DAS ACOES DA CONTROLADORIA GERAL E OUVIDORIA   PMAT";;800.000,00;800.000,00;0,00;0,00;0,00;0,00
;;;;"GESTAO DAS ACOES DA CONTROLADORIA GERAL E OUVIDORIA   PMAT";800.000,00;800.000,00;0,00;0,00;0,00;0,00
;;;"GESTAO DAS ACOES DE CONTROLADORIA";;1.203.000,00;672.440,00;672.373,02;672.373,02;611.894,70;91,01
;;;;"GESTAO DAS ACOES DE CONTROLADORIA";1.203.000,00;672.440,00;672.373,02;672.373,02;611.894,70;91,01
;;"GESTAO DO SISTEMA DE CONTROLE INTERNO DO MUNICIPIO";;;22.000,00;0,00;0,00;0,00;0,00;0,00
;;;"MODERNIZACAO DO SISTEMA FINANCEIRO E CONTABIL DO MUNICIPIO";;22.000,00;0,00;0,00;0,00;0,00;0,00
;;;;"MODERNIZACAO DO SISTEMA FINANCEIRO E CONTABIL DO MUNICIPIO";22.000,00;0,00;0,00;0,00;0,00;0,00
;"Formacao de Recursos Humanos";;;;15.200,00;2.000,00;2.000,00;2.000,00;2.000,00;100,00
;;"GESTAO DOS PROCESSOS ADMINISTRATIVOS DO MUNICIPIO";;;15.200,00;2.000,00;2.000,00;2.000,00;2.000,00;100,00
;;;"CAPACITACAO DE RECURSOS HUMANOS PARA OS ORGAOS MUNICIPAIS";;15.200,00;2.000,00;2.000,00;2.000,00;2.000,00;100,00
;;;;"CAPACITACAO DE RECURSOS HUMANOS PARA OS ORGAOS MUNICIPAIS";15.200,00;2.000,00;2.000,00;2.000,00;2.000,00;100,00
;"Normatizacao e Fiscalizacao";;;;17.890.200,00;13.986.120,00;13.678.045,04;13.678.045,04;12.724.049,58;93,03
;;"GESTAO DO SISTEMA TRIBUTARIO DO MUNICIPIO";;;17.122.200,00;13.266.740,00;12.958.675,84;12.958.675,84;12.069.668,78;93,14
;;;"ADMINISTRACAO TRIBUTARIA DO MUNICIPIO";;16.814.200,00;12.958.740,00;12.958.675,84;12.958.675,84;12.069.668,78;93,14
;;;;"ADMINISTRACAO TRIBUTARIA DO MUNICIPIO";16.814.200,00;12.958.740,00;12.958.675,84;12.958.675,84;12.069.668,78;93,14
;;;"MODERNIZACAO DO SISTEMA TRIBUTARIO DO MUNICIPIO   PMAT";;308.000,00;308.000,00;0,00;0,00;0,00;0,00
;;;;"MODERNIZACAO DO SISTEMA TRIBUTARIO DO MUNICIPIO   PMAT";308.000,00;308.000,00;0,00;0,00;0,00;0,00
;;"OTIMIZACAO DAS FEIRAS E MERCADOS PUBLICOS";;;768.000,00;719.380,00;719.369,20;719.369,20;654.380,80;90,97
;;;"MANUTENCAO E ORDENAMENTO DE FEIRAS E MERCADOS PUBLICOS";;768.000,00;719.380,00;719.369,20;719.369,20;654.380,80;90,97
;;;;"MANUTENCAO E ORDENAMENTO DE FEIRAS E MERCADOS PUBLICOS";768.000,00;719.380,00;719.369,20;719.369,20;654.380,80;90,97
;"Planejamento e Orcamento";;;;3.899.400,00;3.190.540,00;1.603.715,10;1.603.715,10;1.457.271,66;90,87
;;"FORTALECIMENTO DAS ACOES DE PLANEJAMENTO ESTRATEGICO";;;3.899.400,00;3.190.540,00;1.603.715,10;1.603.715,10;1.457.271,66;90,87
;;;"DIRECAO  SUPERVISAO E COORDENACAO DAS ACOES DA SECRETARIA DA CONTROLADORIA  PLANEJAMENTO E GESTAO";;1.960.200,00;1.451.580,00;1.451.511,10;1.451.511,10;1.328.071,66;91,50
;;;;"DIRECAO  SUPERVISAO E COORDENACAO DAS ACOES DA SECRETARIA DA CONTROLADORIA  PLANEJAMENTO E GESTAO";1.960.200,00;1.451.580,00;1.451.511,10;1.451.511,10;1.328.071,66;91,50
;;;"ELABORACAO E GESTAO DOS INSTRUMENTOS DE PLANEJAMENTO DO MUNICIPIO";;305.600,00;72.500,00;72.500,00;72.500,00;69.500,00;95,86
;;;;"ELABORACAO E GESTAO DOS INSTRUMENTOS DE PLANEJAMENTO DO MUNICIPIO";305.600,00;72.500,00;72.500,00;72.500,00;69.500,00;95,86
;;;"OTIMIZACAO DO PLANEJAMENTO ESTRATEGICO   PMAT";;1.633.600,00;1.666.460,00;79.704,00;79.704,00;59.700,00;74,90
;;;;"OTIMIZACAO DO PLANEJAMENTO ESTRATEGICO   PMAT";1.633.600,00;1.666.460,00;79.704,00;79.704,00;59.700,00;74,90
;"Tecnologia da Informatizacao";;;;1.493.000,00;1.601.720,00;1.601.697,84;1.559.717,84;1.414.609,66;88,32
;;"GESTAO DOS PROCESSOS ADMINISTRATIVOS DO MUNICIPIO";;;1.493.000,00;1.601.720,00;1.601.697,84;1.559.717,84;1.414.609,66;88,32
;;;"GESTAO DA POLITICA DE INFORMATICA MUNICIPAL";;1.493.000,00;1.601.720,00;1.601.697,84;1.559.717,84;1.414.609,66;88,32
;;;;"GESTAO DA POLITICA DE INFORMATICA MUNICIPAL";1.493.000,00;1.601.720,00;1.601.697,84;1.559.717,84;1.414.609,66;88,32
;"Turismo";;;;100.000,00;2.640,00;2.640,00;2.640,00;2.640,00;100,00
;;"PROMOCAO DO TURISMO DO MUNICIPIO";;;100.000,00;2.640,00;2.640,00;2.640,00;2.640,00;100,00
;;;"ACOES DE FOMENTO AO TURISMO";;100.000,00;2.640,00;2.640,00;2.640,00;2.640,00;100,00
;;;;"ACOES DE FOMENTO AO TURISMO";100.000,00;2.640,00;2.640,00;2.640,00;2.640,00;100,00
"Agricultura";;;;;70.000,00;13.200,00;13.200,00;13.200,00;13.200,00;100,00
;"Abastecimento";;;;40.000,00;0,00;0,00;0,00;0,00;0,00
;;"DESENVOLVIMENTO DA PESCA NO MUNICIPIO";;;40.000,00;0,00;0,00;0,00;0,00;0,00
;;;"APOIO AS ATIVIDADES PESQUEIRAS";;40.000,00;0,00;0,00;0,00;0,00;0,00
;;;;"APOIO AS ATIVIDADES PESQUEIRAS";40.000,00;0,00;0,00;0,00;0,00;0,00
;"Extensao Rural";;;;30.000,00;13.200,00;13.200,00;13.200,00;13.200,00;100,00
;;"ESTIMULO AO DESENVOLVIMENTO ECONOMICO DO MUNICIPIO";;;30.000,00;13.200,00;13.200,00;13.200,00;13.200,00;100,00
;;;"INCENTIVO E APOIO AO PEQUENO PRODUTOR RURAL";;30.000,00;13.200,00;13.200,00;13.200,00;13.200,00;100,00
;;;;"INCENTIVO E APOIO AO PEQUENO PRODUTOR RURAL";30.000,00;13.200,00;13.200,00;13.200,00;13.200,00;100,00
"Assistencia Social";;;;;22.352.000,00;24.140.740,00;22.063.224,94;20.115.357,22;18.901.352,90;85,67
;"Administracao Geral";;;;1.803.800,00;1.419.860,00;1.419.808,96;1.419.808,96;1.280.130,90;90,16
;;"APOIO E ASSISTENCIA AS ACOES DA SECRETARIA ESPECIAL DE POLITICAS PARA A MULHER";;;498.600,00;434.040,00;434.028,28;434.028,28;388.306,22;89,47
;;;"DIRECAO  SUPERVISAO E COORDENACAO DAS ACOES DA SECRETARIA EXECUTIVA DE POLITICAS PARA AS MULHERES";;498.600,00;434.040,00;434.028,28;434.028,28;388.306,22;89,47
;;;;"DIRECAO  SUPERVISAO E COORDENACAO DAS ACOES DA SECRETARIA EXECUTIVA DE POLITICAS PARA AS MULHERES";498.600,00;434.040,00;434.028,28;434.028,28;388.306,22;89,47
;;"GESTAO DA POLITICA DE ACAO DE ASSISTENCIA SOCIAL DO MUNICIPIO";;;1.305.200,00;985.820,00;985.780,68;985.780,68;891.824,68;90,47
;;;"DIRECAO  SUPERVISAO E COORDENACAO DAS ACOES DO FUNDO MUNICIPAL DE ASSISTENCIA SOCIAL";;1.305.200,00;985.820,00;985.780,68;985.780,68;891.824,68;90,47
;;;;"DIRECAO  SUPERVISAO E COORDENACAO DAS ACOES DO FUNDO MUNICIPAL DE ASSISTENCIA SOCIAL";1.305.200,00;985.820,00;985.780,68;985.780,68;891.824,68;90,47
;"Assistencia a Crianca a ao Adolescente";;;;7.740.400,00;6.601.840,00;6.431.063,12;5.280.813,28;5.037.180,68;78,33
;;"ASSISTENCIA A CRIANCA E AO ADOLESCENTE";;;2.872.000,00;3.610.420,00;3.520.938,04;2.403.407,00;2.399.227,00;68,14
;;;"ATIVIDADES DO FUNDO DA CRIANCA E DO ADOLESCENTE";;1.805.000,00;2.559.780,00;2.470.821,14;1.801.775,80;1.801.775,80;72,92
;;;;"ATIVIDADES DO FUNDO DA CRIANCA E DO ADOLESCENTE";1.805.000,00;2.559.780,00;2.470.821,14;1.801.775,80;1.801.775,80;72,92
;;;"ATVIDADES DO CONSELHO MUNICIPAL DA CRIANCA E DO ADOLESCENTE";;1.065.000,00;1.050.640,00;1.050.116,90;601.631,20;597.451,20;56,89
;;;;"ATVIDADES DO CONSELHO MUNICIPAL DA CRIANCA E DO ADOLESCENTE";1.065.000,00;1.050.640,00;1.050.116,90;601.631,20;597.451,20;56,89
;;;"REGULARIZACAO DE SALDOS DE CONVENIOS DO CONSELHO MUNICIPAL DA CRIANCA E DO ADOLESCENTE";;2.000,00;0,00;0,00;0,00;0,00;0,00
;;;;"REGULARIZACAO DE SALDOS DE CONVENIOS DO CONSELHO MUNICIPAL DA CRIANCA E DO ADOLESCENTE";2.000,00;0,00;0,00;0,00;0,00;0,00
;;"PROTECAO A CRIANCA E AO ADOLESCENTE";;;4.868.400,00;2.991.420,00;2.910.125,08;2.877.406,28;2.637.953,68;90,65
;;;"ACOES DE APOIO A CRIANCA E AO ADOLESCENTE";;2.864.400,00;1.649.680,00;1.648.252,02;1.628.252,02;1.506.720,02;91,41
;;;;"ACOES DE APOIO A CRIANCA E AO ADOLESCENTE";2.864.400,00;1.649.680,00;1.648.252,02;1.628.252,02;1.506.720,02;91,41
;;;"APOIO E MANUTENCAO AO ACOLHIMENTO PARA CRIANCA E JOVENS DE 0 A 18 ANOS";;2.004.000,00;1.341.740,00;1.261.873,06;1.249.154,26;1.131.233,66;89,65
;;;;"APOIO E MANUTENCAO AO ACOLHIMENTO PARA CRIANCA E JOVENS DE 0 A 18 ANOS";2.004.000,00;1.341.740,00;1.261.873,06;1.249.154,26;1.131.233,66;89,65
;"Assistencia ao Idoso";;;;766.000,00;420.000,00;420.000,00;420.000,00;385.000,00;91,67
;;"APOIO E ASSISTENCIA A PESSOA IDOSA";;;766.000,00;420.000,00;420.000,00;420.000,00;385.000,00;91,67
;;;"PROMOCAO E PROTECAO DA INTEGRACAO SOCIAL DA PESSOA IDOSA";;766.000,00;420.000,00;420.000,00;420.000,00;385.000,00;91,67
;;;;"PROMOCAO E PROTECAO DA INTEGRACAO SOCIAL DA PESSOA IDOSA";766.000,00;420.000,00;420.000,00;420.000,00;385.000,00;91,67
;"Assistencia ao Portador de Deficiencia";;;;616.200,00;380.960,00;380.952,00;380.952,00;349.206,00;91,67
;;"APOIO E INTEGRACAO SOCIAL DAS PESSOAS COM DEFICIENCIA";;;616.200,00;380.960,00;380.952,00;380.952,00;349.206,00;91,67
;;;"ACOES EDUCATIVAS E INTEGRACAO SOCIAL PARA PESSOAS COM DEFICIENCIA";;616.200,00;380.960,00;380.952,00;380.952,00;349.206,00;91,67
;;;;"ACOES EDUCATIVAS E INTEGRACAO SOCIAL PARA PESSOAS COM DEFICIENCIA";616.200,00;380.960,00;380.952,00;380.952,00;349.206,00;91,67
;"Assistencia Comunitaria";;;;11.420.600,00;15.318.080,00;13.411.400,86;12.613.782,98;11.849.835,32;88,36
;;"CIDADE SEGURA PARA AS MULHERES";;;204.200,00;176.740,00;176.565,56;167.165,56;146.671,08;83,07
;;;"PREVENCAO E ENFRENTAMENTO A VIOLENCIA CONTRA AS MULHERES";;204.200,00;176.740,00;176.565,56;167.165,56;146.671,08;83,07
;;;;"PREVENCAO E ENFRENTAMENTO A VIOLENCIA CONTRA AS MULHERES";204.200,00;176.740,00;176.565,56;167.165,56;146.671,08;83,07
;;"GESTAO DA POLITICA DE ACAO DE ASSISTENCIA SOCIAL DO MUNICIPIO";;;1.560.600,00;1.463.840,00;1.463.819,34;1.450.428,02;1.337.682,82;91,38
;;;"APOIO E MANUTENCAO DAS ACOES DOS CONSELHOS";;1.560.600,00;1.463.840,00;1.463.819,34;1.450.428,02;1.337.682,82;91,38
;;;;"APOIO E MANUTENCAO DAS ACOES DOS CONSELHOS";1.560.600,00;1.463.840,00;1.463.819,34;1.450.428,02;1.337.682,82;91,38
;;"SE LIGA MULHER";;;198.000,00;358.700,00;358.678,52;358.678,52;339.798,84;94,74
;;;"PROMOCAO E VALORIZACAO DA MULHER";;198.000,00;358.700,00;358.678,52;358.678,52;339.798,84;94,74
;;;;"PROMOCAO E VALORIZACAO DA MULHER";198.000,00;358.700,00;358.678,52;358.678,52;339.798,84;94,74
;;"SERVICO DE ASSISTENCIA SOCIAL GERAL";;;9.457.800,00;13.318.800,00;11.412.337,44;10.637.510,88;10.025.682,58;87,85
;;;"ACOES DE ASSISTENCIA SOCIAL";;7.970.000,00;12.317.660,00;10.451.773,38;9.676.946,82;9.210.826,26;88,13
;;;;"ACOES DE ASSISTENCIA SOCIAL";7.970.000,00;12.317.660,00;10.451.773,38;9.676.946,82;9.210.826,26;88,13
;;;"ACOES DE ASSISTENCIA SOCIAL BASICA";;542.000,00;144.680,00;143.512,66;143.512,66;44.108,92;30,74
;;;;"ACOES DE ASSISTENCIA SOCIAL BASICA";542.000,00;144.680,00;143.512,66;143.512,66;44.108,92;30,74
;;;"ACOES DE ASSISTENCIA SOCIAL ESPECIAL";;945.800,00;856.460,00;817.051,40;817.051,40;770.747,40;94,33
;;;;"ACOES DE ASSISTENCIA SOCIAL ESPECIAL";945.800,00;856.460,00;817.051,40;817.051,40;770.747,40;94,33
;"Planejamento e Orcamento";;;;5.000,00;0,00;0,00;0,00;0,00;0,00
;;"GESTAO DA POLITICA DE ACAO DE ASSISTENCIA SOCIAL DO MUNICIPIO";;;5.000,00;0,00;0,00;0,00;0,00;0,00
;;;"PLANEJAMENTO  ORCAMENTACAO E MONITORAMENTO DAS ACOES DA SECRETARIA DE POLITICAS SOCIAIS E ESPORTES";;5.000,00;0,00;0,00;0,00;0,00;0,00
;;;;"PLANEJAMENTO  ORCAMENTACAO E MONITORAMENTO DAS ACOES DA SECRETARIA DE POLITICAS SOCIAIS E ESPORTES";5.000,00;0,00;0,00;0,00;0,00;0,00
"Ciencia e Tecnologia";;;;;40.000,00;0,00;0,00;0,00;0,00;0,00
;"Difusao do Conhecimento Cient. e Tec.";;;;40.000,00;0,00;0,00;0,00;0,00;0,00
;;"PROGRAMA DE INCLUSAO DIGITAL";;;40.000,00;0,00;0,00;0,00;0,00;0,00
;;;"IMPLANTACAO DO CENTRO DE TECNOLOGIA DA INFORMACAO";;40.000,00;0,00;0,00;0,00;0,00;0,00
;;;;"IMPLANTACAO DO CENTRO DE TECNOLOGIA DA INFORMACAO";40.000,00;0,00;0,00;0,00;0,00;0,00
"Comercio e Servicos";;;;;1.980.000,00;3.761.940,00;3.761.931,44;3.241.931,44;3.034.848,12;80,67
;"Planejamento e Orcamento";;;;20.000,00;0,00;0,00;0,00;0,00;0,00
;;"GESTAO DAS POLITICAS DE ACAO DE TURISMO E CULTURA DO MUNICIPIO";;;20.000,00;0,00;0,00;0,00;0,00;0,00
;;;"PLANEJAMENTO  ORCAMENTO E MONITORAMENTO DAS ACOES DAS SEC. DE DESENVOLVIMENTO ECONOMICO  TURISMO E CULTURA";;20.000,00;0,00;0,00;0,00;0,00;0,00
;;;;"PLANEJAMENTO  ORCAMENTO E MONITORAMENTO DAS ACOES DAS SEC. DE DESENVOLVIMENTO ECONOMICO  TURISMO E CULTURA";20.000,00;0,00;0,00;0,00;0,00;0,00
;"Promocao Comercial";;;;40.000,00;0,00;0,00;0,00;0,00;0,00
;;"PROMOCAO E APOIO AS ATIVIDADES COMERCIAIS";;;40.000,00;0,00;0,00;0,00;0,00;0,00
;;;"APOIO AO DESENVOLVIMENTO DO COMERCIO DO MUNICIPIO";;40.000,00;0,00;0,00;0,00;0,00;0,00
;;;;"APOIO AO DESENVOLVIMENTO DO COMERCIO DO MUNICIPIO";40.000,00;0,00;0,00;0,00;0,00;0,00
;"Turismo";;;;1.920.000,00;3.761.940,00;3.761.931,44;3.241.931,44;3.034.848,12;80,67
;;"PROMOCAO DO TURISMO DO MUNICIPIO";;;1.920.000,00;3.761.940,00;3.761.931,44;3.241.931,44;3.034.848,12;80,67
;;;"PROMOCAO DE EVENTOS E ACOES TURISTICAS";;1.920.000,00;3.761.940,00;3.761.931,44;3.241.931,44;3.034.848,12;80,67
;;;;"PROMOCAO DE EVENTOS E ACOES TURISTICAS";1.920.000,00;3.761.940,00;3.761.931,44;3.241.931,44;3.034.848,12;80,67
"Cultura";;;;;182.000,00;68.880,00;68.851,22;68.851,22;49.539,48;71,95
;"Difusao Cultural";;;;122.000,00;10.000,00;9.991,00;9.991,00;9.991,00;100,00
;;"PROMOCAO E PRESERVACAO DA CULTURA MUNICIPAL";;;122.000,00;10.000,00;9.991,00;9.991,00;9.991,00;100,00
;;;"PROMOCAO DE ACOES CULTURAIS";;122.000,00;10.000,00;9.991,00;9.991,00;9.991,00;100,00
;;;;"PROMOCAO DE ACOES CULTURAIS";122.000,00;10.000,00;9.991,00;9.991,00;9.991,00;100,00
;"Pat. Historico  Artistico e Arqueologico";;;;60.000,00;58.880,00;58.860,22;58.860,22;39.548,48;67,19
;;"PROMOCAO E PRESERVACAO DA CULTURA MUNICIPAL";;;60.000,00;58.880,00;58.860,22;58.860,22;39.548,48;67,19
;;;"OBRAS DE PRESERVACAO DE AREAS CULTURAIS E SITIOS HISTORICOS";;60.000,00;58.880,00;58.860,22;58.860,22;39.548,48;67,19
;;;;"OBRAS DE PRESERVACAO DE AREAS CULTURAIS E SITIOS HISTORICOS";60.000,00;58.880,00;58.860,22;58.860,22;39.548,48;67,19
"Desporto e Lazer";;;;;6.940.000,00;7.902.120,00;7.489.080,86;7.489.080,86;7.231.331,26;96,56
;"Administracao Geral";;;;4.238.000,00;6.813.280,00;6.727.640,60;6.727.640,60;6.727.640,60;100,00
;;"ACOES DE PROMOCOES DE LAZER E DESPORTO";;;4.238.000,00;6.813.280,00;6.727.640,60;6.727.640,60;6.727.640,60;100,00
;;;"PROMOCAO DE EVENTOS  LAZER E DESPORTO";;4.238.000,00;6.813.280,00;6.727.640,60;6.727.640,60;6.727.640,60;100,00
;;;;"PROMOCAO DE EVENTOS  LAZER E DESPORTO";4.238.000,00;6.813.280,00;6.727.640,60;6.727.640,60;6.727.640,60;100,00
;"Lazer";;;;2.702.000,00;1.088.840,00;761.440,26;761.440,26;503.690,66;66,15
;;"MELHORIA DO PAISAGISMO URBANO";;;2.702.000,00;1.088.840,00;761.440,26;761.440,26;503.690,66;66,15
;;;"CONSTRUCAO E RECUPERACAO DE PRACAS E AREAS DE LAZER";;2.702.000,00;1.088.840,00;761.440,26;761.440,26;503.690,66;66,15
;;;;"CONSTRUCAO E RECUPERACAO DE PRACAS E AREAS DE LAZER";2.702.000,00;1.088.840,00;761.440,26;761.440,26;503.690,66;66,15
"Direitos da Cidadania";;;;;30.035.000,00;35.716.200,00;35.716.037,12;35.716.037,12;31.392.241,32;87,89
;"Acao Judiciaria";;;;130.000,00;0,00;0,00;0,00;0,00;0,00
;;"PROMOCAO DAS ACOES JUDICIAIS DO MUNICIPIO";;;130.000,00;0,00;0,00;0,00;0,00;0,00
;;;"EXECUCAO DA COBRANCA DA DIVIDA ATIVA DO MUNICIPIO";;130.000,00;0,00;0,00;0,00;0,00;0,00
;;;;"EXECUCAO DA COBRANCA DA DIVIDA ATIVA DO MUNICIPIO";130.000,00;0,00;0,00;0,00;0,00;0,00
;"Administracao Geral";;;;3.662.580,00;2.769.620,00;2.769.521,94;2.769.521,94;2.533.914,32;91,49
;;"APOIO ADMINISTRATIVO AS ACOES DA SECRETARIA DE ASSUNTOS JURIDICOS E PROCURADORIA GERAL";;;1.585.400,00;1.099.720,00;1.099.648,08;1.099.648,08;992.458,70;90,25
;;;"GESTAO ADMINISTRATIVA DAS ACOES DA SECRETARIA DE ASSUNTOS JURIDICOS";;1.585.400,00;1.099.720,00;1.099.648,08;1.099.648,08;992.458,70;90,25
;;;;"GESTAO ADMINISTRATIVA DAS ACOES DA SECRETARIA DE ASSUNTOS JURIDICOS";1.585.400,00;1.099.720,00;1.099.648,08;1.099.648,08;992.458,70;90,25
;;"GESTAO DAS ACOES DA SECRETARIA DE ASSUNTOS JURIDICOS";;;2.077.180,00;1.669.900,00;1.669.873,86;1.669.873,86;1.541.455,62;92,31
;;;"DIRECAO  SUPERVISAO E COORDENACAO DAS ACOES DA SECRETARIA DE ASSUNTOS JURIDICOS";;2.077.180,00;1.669.900,00;1.669.873,86;1.669.873,86;1.541.455,62;92,31
;;;;"DIRECAO  SUPERVISAO E COORDENACAO DAS ACOES DA SECRETARIA DE ASSUNTOS JURIDICOS";2.077.180,00;1.669.900,00;1.669.873,86;1.669.873,86;1.541.455,62;92,31
;"Def. Interesse Publ. no Proc. Judiciario";;;;17.029.000,00;19.911.800,00;19.911.757,76;19.911.757,76;17.017.149,92;85,46
;;"PROMOCAO DAS ACOES JUDICIAIS DO MUNICIPIO";;;17.029.000,00;19.911.800,00;19.911.757,76;19.911.757,76;17.017.149,92;85,46
;;;"COMPROMISSOS COM SENTENCAS JUDICIAIS";;17.029.000,00;19.911.800,00;19.911.757,76;19.911.757,76;17.017.149,92;85,46
;;;;"COMPROMISSOS COM SENTENCAS JUDICIAIS";17.029.000,00;19.911.800,00;19.911.757,76;19.911.757,76;17.017.149,92;85,46
;"Direitos Individuais  Colet. e Difusos";;;;9.213.420,00;13.034.780,00;13.034.757,42;13.034.757,42;11.841.177,08;90,84
;;"DEFESA DOS DIREITOS DO CIDADAO";;;420.000,00;0,00;0,00;0,00;0,00;0,00
;;;"ACOES DA DEFENSORIA PUBLICA MUNICIPAL";;340.000,00;0,00;0,00;0,00;0,00;0,00
;;;;"ACOES DA DEFENSORIA PUBLICA MUNICIPAL";340.000,00;0,00;0,00;0,00;0,00;0,00
;;;"PROMOCAO DA DEFESA DOS DIREITOS DO CONSUMIDOR";;80.000,00;0,00;0,00;0,00;0,00;0,00
;;;;"PROMOCAO DA DEFESA DOS DIREITOS DO CONSUMIDOR";80.000,00;0,00;0,00;0,00;0,00;0,00
;;"PROMOCAO DAS ACOES JUDICIAIS DO MUNICIPIO";;;8.793.420,00;13.034.780,00;13.034.757,42;13.034.757,42;11.841.177,08;90,84
;;;"ACOES DE ASSESSORAMENTO JURIDICO";;8.793.420,00;13.034.780,00;13.034.757,42;13.034.757,42;11.841.177,08;90,84
;;;;"ACOES DE ASSESSORAMENTO JURIDICO";8.793.420,00;13.034.780,00;13.034.757,42;13.034.757,42;11.841.177,08;90,84
"Educacao";;;;;206.535.200,00;227.071.960,00;221.287.440,20;216.870.641,10;200.291.733,14;90,51
;"Administracao Geral";;;;4.122.000,00;4.457.980,00;4.457.835,48;4.457.835,48;4.050.350,60;90,86
;;"APOIO ADMINISTRATIVO AS ACOES DE SECRETARIA DE EDUCACAO";;;2.746.800,00;1.946.160,00;1.946.053,24;1.946.053,24;1.709.221,40;87,83
;;;"AMPLIACAO OU REFORMA DO PREDIO DA SECRETARIA DE EDUCACAO";;6.000,00;0,00;0,00;0,00;0,00;0,00
;;;;"AMPLIACAO OU REFORMA DO PREDIO DA SECRETARIA DE EDUCACAO";6.000,00;0,00;0,00;0,00;0,00;0,00
;;;"CONTRIBUICAO PATRONAL DA SECRETARIA DE EDUCACAO PARA O PREVIPAULISTA";;2.000,00;308.760,00;308.735,48;308.735,48;269.707,78;87,36
;;;;"CONTRIBUICAO PATRONAL DA SECRETARIA DE EDUCACAO PARA O PREVIPAULISTA";2.000,00;308.760,00;308.735,48;308.735,48;269.707,78;87,36
;;;"GESTAO ADMINISTRATIVA DAS ACOES DA SECRETARIA DE EDUCACAO";;2.738.800,00;1.637.400,00;1.637.317,76;1.637.317,76;1.439.513,62;87,92
;;;;"GESTAO ADMINISTRATIVA DAS ACOES DA SECRETARIA DE EDUCACAO";2.738.800,00;1.637.400,00;1.637.317,76;1.637.317,76;1.439.513,62;87,92
;;"DEMOCRATIZACAO DA GESTAO  TRANSPARENCIA E CONTROLE SOCIAL DA POLITICA DE ACAO DE EDUCACAO DO MUNICIPIO";;;1.367.200,00;2.511.820,00;2.511.782,24;2.511.782,24;2.341.129,20;93,21
;;;"DIRECAO  SUPERVISAO E COORDENACAO DAS ACOES DA SECRETARIA DE EDUCACAO";;1.345.200,00;2.507.020,00;2.506.982,24;2.506.982,24;2.336.329,20;93,19
;;;;"DIRECAO  SUPERVISAO E COORDENACAO DAS ACOES DA SECRETARIA DE EDUCACAO";1.345.200,00;2.507.020,00;2.506.982,24;2.506.982,24;2.336.329,20;93,19
;;;"FORTALECIMENTO DOS CONSELHOS MUNICIPAIS DE EDUCACAO";;12.000,00;4.800,00;4.800,00;4.800,00;4.800,00;100,00
;;;;"FORTALECIMENTO DOS CONSELHOS MUNICIPAIS DE EDUCACAO";12.000,00;4.800,00;4.800,00;4.800,00;4.800,00;100,00
;;;"PLANEJAMENTO  ORCAMENTACAO E MONITORAMENTO DAS ACOES DA SECRETARIA DE EDUCACAO";;10.000,00;0,00;0,00;0,00;0,00;0,00
;;;;"PLANEJAMENTO  ORCAMENTACAO E MONITORAMENTO DAS ACOES DA SECRETARIA DE EDUCACAO";10.000,00;0,00;0,00;0,00;0,00;0,00
;;"MUSICA PARA TODOS";;;8.000,00;0,00;0,00;0,00;0,00;0,00
;;;"MANUTENCAO E DESENVOLVIMENTO DO ENSINO MUSICAL";;8.000,00;0,00;0,00;0,00;0,00;0,00
;;;;"MANUTENCAO E DESENVOLVIMENTO DO ENSINO MUSICAL";8.000,00;0,00;0,00;0,00;0,00;0,00
;"Alimentacao e Nutricao";;;;8.750.800,00;9.350.060,00;9.350.047,04;9.350.047,04;8.473.787,36;90,63
;;"ALIMENTACAO ESCOLAR SAUDAVEL";;;8.750.800,00;9.350.060,00;9.350.047,04;9.350.047,04;8.473.787,36;90,63
;;;"ALIMENTACAO NAS ESCOLAS";;8.750.800,00;9.350.060,00;9.350.047,04;9.350.047,04;8.473.787,36;90,63
;;;;"ALIMENTACAO NAS ESCOLAS";8.750.800,00;9.350.060,00;9.350.047,04;9.350.047,04;8.473.787,36;90,63
;"Difusao Cultural";;;;60.000,00;239.160,00;239.143,00;239.143,00;199.763,00;83,53
;;"PROMOCAO E DIVULGACAO DAS ACOES EDUCACIONAIS";;;60.000,00;239.160,00;239.143,00;239.143,00;199.763,00;83,53
;;;"PROMOCAO DE EVENTOS EDUCACIONAIS";;60.000,00;239.160,00;239.143,00;239.143,00;199.763,00;83,53
;;;;"PROMOCAO DE EVENTOS EDUCACIONAIS";60.000,00;239.160,00;239.143,00;239.143,00;199.763,00;83,53
;"Educacao de Jovens e Adultos";;;;8.707.200,00;6.081.740,00;6.081.636,28;6.081.636,28;5.670.234,32;93,24
;;"JOVENS E ADULTOS NA ESCOLA";;;8.707.200,00;6.081.740,00;6.081.636,28;6.081.636,28;5.670.234,32;93,24
;;;"MANUTENCAO E DESENVOLVIMENTO DA EDUCACAO DE JOVENS E ADULTOS";;8.707.200,00;6.081.740,00;6.081.636,28;6.081.636,28;5.670.234,32;93,24
;;;;"MANUTENCAO E DESENVOLVIMENTO DA EDUCACAO DE JOVENS E ADULTOS";8.707.200,00;6.081.740,00;6.081.636,28;6.081.636,28;5.670.234,32;93,24
;"Educacao Especial";;;;5.754.800,00;8.253.180,00;8.253.092,86;8.253.092,86;7.550.010,52;91,48
;;"INCLUSAO ESCOLAR PARA PESSOAS PORTADORAS DE NECESSIDADES ESPECIAIS";;;5.754.800,00;8.253.180,00;8.253.092,86;8.253.092,86;7.550.010,52;91,48
;;;"ADEQUACAO DOS ESPACOS FISICOS E EQUIPAGEM DAS ESCOLAS COM ATENDIMENTO EDUCACIONAL ESPECIALIZADO   AEE";;12.000,00;0,00;0,00;0,00;0,00;0,00
;;;;"ADEQUACAO DOS ESPACOS FISICOS E EQUIPAGEM DAS ESCOLAS COM ATENDIMENTO EDUCACIONAL ESPECIALIZADO   AEE";12.000,00;0,00;0,00;0,00;0,00;0,00
;;;"MANUTENCAO E DESENVOLVIMENTO DA EDUCACAO ESPECIAL";;5.742.800,00;8.253.180,00;8.253.092,86;8.253.092,86;7.550.010,52;91,48
;;;;"MANUTENCAO E DESENVOLVIMENTO DA EDUCACAO ESPECIAL";5.742.800,00;8.253.180,00;8.253.092,86;8.253.092,86;7.550.010,52;91,48
;"Educacao Infantil";;;;13.428.600,00;12.482.160,00;12.482.035,98;12.482.035,98;11.359.977,68;91,01
;;"EDUCACAO INFANTIL CIDADA";;;13.428.600,00;12.482.160,00;12.482.035,98;12.482.035,98;11.359.977,68;91,01
;;;"AQUISICAO  CONSTRUCAO  AMPLIACAO  ADEQUACAO E EQUIPAGEM PARA EDUCACAO INFANTIL";;214.000,00;0,00;0,00;0,00;0,00;0,00
;;;;"AQUISICAO  CONSTRUCAO  AMPLIACAO  ADEQUACAO E EQUIPAGEM PARA EDUCACAO INFANTIL";214.000,00;0,00;0,00;0,00;0,00;0,00
;;;"MANUTENCAO E DESENVOLVIMENTO DA EDUCACAO INFANTIL";;13.214.600,00;12.482.160,00;12.482.035,98;12.482.035,98;11.359.977,68;91,01
;;;;"MANUTENCAO E DESENVOLVIMENTO DA EDUCACAO INFANTIL";13.214.600,00;12.482.160,00;12.482.035,98;12.482.035,98;11.359.977,68;91,01
;"Ensino Fundamental";;;;165.012.800,00;186.112.460,00;180.328.431,16;175.911.632,06;162.898.762,46;90,33
;;"ENSINO FUNDAMENTAL DE QUALIDADE";;;165.012.800,00;186.112.460,00;180.328.431,16;175.911.632,06;162.898.762,46;90,33
;;;"AQUISICAO  CONSTRUCAO  AMPLIACAO  ADEQUACAO E EQUIPAGEM PARA O ENSINO FUNDAMENTAL";;12.000,00;129.420,00;129.412,98;78.398,88;78.398,88;60,58
;;;;"AQUISICAO  CONSTRUCAO  AMPLIACAO  ADEQUACAO E EQUIPAGEM PARA O ENSINO FUNDAMENTAL";12.000,00;129.420,00;129.412,98;78.398,88;78.398,88;60,58
;;;"CONTRIBUICAO ADICIONAL DO FUNDEB PARA O PREVIPAULISTA";;2.000,00;0,00;0,00;0,00;0,00;0,00
;;;;"CONTRIBUICAO ADICIONAL DO FUNDEB PARA O PREVIPAULISTA";2.000,00;0,00;0,00;0,00;0,00;0,00
;;;"CONTRIBUICAO PATRONAL DO FUNDEB PARA O PREVIPAULISTA";;3.531.200,00;23.853.780,00;23.853.733,06;22.216.629,22;21.994.735,76;92,21
;;;;"CONTRIBUICAO PATRONAL DO FUNDEB PARA O PREVIPAULISTA";3.531.200,00;23.853.780,00;23.853.733,06;22.216.629,22;21.994.735,76;92,21
;;;"ENCARGOS COM VALE TRANSPORTES DOS SERVIDORES DO ENSINO FUNDAMENTAL";;8.340.600,00;5.852.640,00;5.852.627,14;5.852.627,14;5.743.137,88;98,13
;;;;"ENCARGOS COM VALE TRANSPORTES DOS SERVIDORES DO ENSINO FUNDAMENTAL";8.340.600,00;5.852.640,00;5.852.627,14;5.852.627,14;5.743.137,88;98,13
;;;"MANUTENCAO E DESENVOLVIMENTO DO ENSINO FUNDAMENTAL";;153.127.000,00;156.276.620,00;150.492.657,98;147.763.976,82;135.082.489,94;89,76
;;;;"MANUTENCAO E DESENVOLVIMENTO DO ENSINO FUNDAMENTAL";153.127.000,00;156.276.620,00;150.492.657,98;147.763.976,82;135.082.489,94;89,76
;"Outros Encargos Especiais";;;;11.400,00;0,00;0,00;0,00;0,00;0,00
;;"APOIO ADMINISTRATIVO AS ACOES DE SECRETARIA DE EDUCACAO";;;11.400,00;0,00;0,00;0,00;0,00;0,00
;;;"CONTRIBUICAO ADICIONAL DA SECRETARIA DE EDUCACAO PARA O PREVIPAULISTA";;11.400,00;0,00;0,00;0,00;0,00;0,00
;;;;"CONTRIBUICAO ADICIONAL DA SECRETARIA DE EDUCACAO PARA O PREVIPAULISTA";11.400,00;0,00;0,00;0,00;0,00;0,00
;"Protecao e Beneficios ao Trabalhador";;;;687.600,00;95.220,00;95.218,40;95.218,40;88.847,20;93,31
;;"APOIO ADMINISTRATIVO AS ACOES DE SECRETARIA DE EDUCACAO";;;687.600,00;95.220,00;95.218,40;95.218,40;88.847,20;93,31
;;;"ENCARGOS COM VALE TRANSPORTE PARA OS SERVIDORES DA SECRETARIA DE EDUCACAO";;687.600,00;95.220,00;95.218,40;95.218,40;88.847,20;93,31
;;;;"ENCARGOS COM VALE TRANSPORTE PARA OS SERVIDORES DA SECRETARIA DE EDUCACAO";687.600,00;95.220,00;95.218,40;95.218,40;88.847,20;93,31
"Encargos Especiais";;;;;91.896.000,00;92.098.560,00;91.921.969,48;91.921.969,48;88.626.682,02;96,42
;"Outros Encargos Especiais";;;;83.312.000,00;87.529.000,00;87.405.860,06;87.405.860,06;84.110.572,60;96,23
;;"APOIO ADMINISTRATIVO AS ACOES DA CAMARA MUNICIPAL";;;1.500.000,00;1.344.800,00;1.344.716,32;1.344.716,32;1.344.716,32;100,00
;;;"CONTRIBUICAO PATRONAL DA CAMARA DE VEREADORES PARA A PREVIPAULISTA";;1.500.000,00;1.344.800,00;1.344.716,32;1.344.716,32;1.344.716,32;100,00
;;;;"CONTRIBUICAO PATRONAL DA CAMARA DE VEREADORES PARA A PREVIPAULISTA";1.500.000,00;1.344.800,00;1.344.716,32;1.344.716,32;1.344.716,32;100,00
;;"APOIO ADMINISTRATIVO AS ACOES DE SECRETARIA DE INFRAESTRUTURA";;;22.000,00;1.254.620,00;1.139.269,88;1.139.269,88;934.659,28;82,04
;;;"REGULARIZACAO DE SALDOS DE RECURSOS DE CONVENIOS DA SECRETARIA DE INFRAESTRUTURA  SERVICOS PUBLICOS E MEIO AMBIENTE";;22.000,00;1.254.620,00;1.139.269,88;1.139.269,88;934.659,28;82,04
;;;;"REGULARIZACAO DE SALDOS DE RECURSOS DE CONVENIOS DA SECRETARIA DE INFRAESTRUTURA  SERVICOS PUBLICOS E MEIO AMBIENTE";22.000,00;1.254.620,00;1.139.269,88;1.139.269,88;934.659,28;82,04
;;"APOIO AOS COMPROMISSO DE DIVIDA";;;7.200.000,00;8.340.000,00;8.333.821,84;8.333.821,84;8.333.821,84;100,00
;;;"CONTRIBUICAO PARA O PASEP";;7.200.000,00;8.340.000,00;8.333.821,84;8.333.821,84;8.333.821,84;100,00
;;;;"CONTRIBUICAO PARA O PASEP";7.200.000,00;8.340.000,00;8.333.821,84;8.333.821,84;8.333.821,84;100,00
;;"ENCARGOS ADMINISTRATIVOS DO MUNICIPIO";;;74.590.000,00;76.589.580,00;76.588.052,02;76.588.052,02;73.497.375,16;95,96
;;;"APOIO A ORGAOS GOVERNAMENTAIS";;42.600,00;1.380,00;0,00;0,00;0,00;0,00
;;;;"APOIO A ORGAOS GOVERNAMENTAIS";42.600,00;1.380,00;0,00;0,00;0,00;0,00
;;;"AUXILIO TRANSPORTE PARA OS SERVIDORES DA PREFEITURA";;6.730.000,00;5.135.100,00;5.135.074,24;5.135.074,24;4.690.926,38;91,35
;;;;"AUXILIO TRANSPORTE PARA OS SERVIDORES DA PREFEITURA";6.730.000,00;5.135.100,00;5.135.074,24;5.135.074,24;4.690.926,38;91,35
;;;"CONTRIBUICAO ADICIONAL DA PREFEITURA AO PREVI PAULISTA";;30.000.000,00;34.499.220,00;34.499.209,42;34.499.209,42;34.499.209,42;100,00
;;;;"CONTRIBUICAO ADICIONAL DA PREFEITURA AO PREVI PAULISTA";30.000.000,00;34.499.220,00;34.499.209,42;34.499.209,42;34.499.209,42;100,00
;;;"CONTRIBUICAO PATRONAL DA PERFEITURA AO PREVI PAULISTA";;16.570.000,00;17.100.780,00;17.100.768,04;17.100.768,04;15.720.407,38;91,93
;;;;"CONTRIBUICAO PATRONAL DA PERFEITURA AO PREVI PAULISTA";16.570.000,00;17.100.780,00;17.100.768,04;17.100.768,04;15.720.407,38;91,93
;;;"DIVERSOS ENCARGOS ADMINISTRATIVOS";;1.920.000,00;2.706.920,00;2.706.903,56;2.706.903,56;2.706.903,56;100,00
;;;;"DIVERSOS ENCARGOS ADMINISTRATIVOS";1.920.000,00;2.706.920,00;2.706.903,56;2.706.903,56;2.706.903,56;100,00
;;;"ENCARGOS COM OBRIGACOES PATRONAIS";;8.260.000,00;7.775.340,00;7.775.339,26;7.775.339,26;7.197.239,12;92,56
;;;;"ENCARGOS COM OBRIGACOES PATRONAIS";8.260.000,00;7.775.340,00;7.775.339,26;7.775.339,26;7.197.239,12;92,56
;;;"ENCARGOS COM PESSOAL A DISPOSICAO DE DIVERSOS ORGAOS";;10.087.400,00;8.701.040,00;8.700.985,22;8.700.985,22;8.019.299,74;92,17
;;;;"ENCARGOS COM PESSOAL A DISPOSICAO DE DIVERSOS ORGAOS";10.087.400,00;8.701.040,00;8.700.985,22;8.700.985,22;8.019.299,74;92,17
;;;"ENCARGOS COM RECISAO DE CONTRATO  INDENIZACOES TRABALHISTAS E OUTRAS ASSISTENCIAS";;980.000,00;669.800,00;669.772,28;669.772,28;663.389,56;99,05
;;;;"ENCARGOS COM RECISAO DE CONTRATO  INDENIZACOES TRABALHISTAS E OUTRAS ASSISTENCIAS";980.000,00;669.800,00;669.772,28;669.772,28;663.389,56;99,05
;"Protecao e Beneficios ao Trabalhador";;;;184.000,00;151.200,00;151.101,64;151.101,64;151.101,64;100,00
;;"APOIO ADMINISTRATIVO AS ACOES DA CAMARA MUNICIPAL";;;184.000,00;151.200,00;151.101,64;151.101,64;151.101,64;100,00
;;;"ENCARGOS COM AUXILIO TRANSPORTE PARA OS SERVIDORES DA CAMARA DE VEREADORES";;184.000,00;151.200,00;151.101,64;151.101,64;151.101,64;100,00
;;;;"ENCARGOS COM AUXILIO TRANSPORTE PARA OS SERVIDORES DA CAMARA DE VEREADORES";184.000,00;151.200,00;151.101,64;151.101,64;151.101,64;100,00
;"Refinanciamento da Divida Interna";;;;4.010.000,00;2.790.220,00;2.779.677,60;2.779.677,60;2.779.677,60;100,00
;;"APOIO AOS COMPROMISSO DE DIVIDA";;;4.010.000,00;2.790.220,00;2.779.677,60;2.779.677,60;2.779.677,60;100,00
;;;"PARCELAMENTO DE DEBITOS COM A PREVI PAULISTA";;30.000,00;0,00;0,00;0,00;0,00;0,00
;;;;"PARCELAMENTO DE DEBITOS COM A PREVI PAULISTA";30.000,00;0,00;0,00;0,00;0,00;0,00
;;;"PARCELAMENTO DE DEBITOS COM O FGTS";;30.000,00;0,00;0,00;0,00;0,00;0,00
;;;;"PARCELAMENTO DE DEBITOS COM O FGTS";30.000,00;0,00;0,00;0,00;0,00;0,00
;;;"PARCELAMENTO DE DEBITOS COM O INSS";;3.120.000,00;2.531.600,00;2.527.559,42;2.527.559,42;2.527.559,42;100,00
;;;;"PARCELAMENTO DE DEBITOS COM O INSS";3.120.000,00;2.531.600,00;2.527.559,42;2.527.559,42;2.527.559,42;100,00
;;;"PARCELAMENTO DE DEBITOS COM O PASEP";;830.000,00;258.620,00;252.118,18;252.118,18;252.118,18;100,00
;;;;"PARCELAMENTO DE DEBITOS COM O PASEP";830.000,00;258.620,00;252.118,18;252.118,18;252.118,18;100,00
;"Servico da Divida Interna";;;;4.390.000,00;1.628.140,00;1.585.330,18;1.585.330,18;1.585.330,18;100,00
;;"APOIO AOS COMPROMISSO DE DIVIDA";;;4.390.000,00;1.628.140,00;1.585.330,18;1.585.330,18;1.585.330,18;100,00
;;;"ENCARGOS COM A DIVIDA PUBLICA";;4.390.000,00;1.628.140,00;1.585.330,18;1.585.330,18;1.585.330,18;100,00
;;;;"ENCARGOS COM A DIVIDA PUBLICA";4.390.000,00;1.628.140,00;1.585.330,18;1.585.330,18;1.585.330,18;100,00
"Gestao Ambiental";;;;;21.585.000,00;15.329.960,00;10.128.717,48;8.707.587,94;8.499.756,40;83,92
;"Controle Ambiental";;;;10.410.400,00;9.028.500,00;7.187.950,28;6.762.220,82;6.762.220,82;94,08
;;"DRENAGEM URBANA";;;10.092.600,00;9.028.500,00;7.187.950,28;6.762.220,82;6.762.220,82;94,08
;;;"CONSTRUCAO E OU RECUPERACAO DE OBRAS DE MICRO E MACRODRENAGEM";;10.092.600,00;9.028.500,00;7.187.950,28;6.762.220,82;6.762.220,82;94,08
;;;;"CONSTRUCAO E OU RECUPERACAO DE OBRAS DE MICRO E MACRODRENAGEM";10.092.600,00;9.028.500,00;7.187.950,28;6.762.220,82;6.762.220,82;94,08
;;"PROMOCAO DAS ACOES DE MEIO AMBIENTE NO MUNICIPIO";;;317.800,00;0,00;0,00;0,00;0,00;0,00
;;;"APOIO AS ACOES DE DESENVOLVIMENTO SUSTENTAVEL";;115.600,00;0,00;0,00;0,00;0,00;0,00
;;;;"APOIO AS ACOES DE DESENVOLVIMENTO SUSTENTAVEL";115.600,00;0,00;0,00;0,00;0,00;0,00
;;;"LICENCIAMENTO E GESTAO DA DESTINACAO DE RESIDUOS SOLIDOS";;202.200,00;0,00;0,00;0,00;0,00;0,00
;;;;"LICENCIAMENTO E GESTAO DA DESTINACAO DE RESIDUOS SOLIDOS";202.200,00;0,00;0,00;0,00;0,00;0,00
;"Preservacao e Conservacao Ambiental";;;;3.080.600,00;2.252.260,00;2.252.212,02;1.945.367,12;1.737.535,58;77,15
;;"PROMOCAO DAS ACOES DE MEIO AMBIENTE NO MUNICIPIO";;;3.080.600,00;2.252.260,00;2.252.212,02;1.945.367,12;1.737.535,58;77,15
;;;"GESTAO E PRESERVACAO DO MEIO AMBIENTE";;3.061.400,00;2.252.260,00;2.252.212,02;1.945.367,12;1.737.535,58;77,15
;;;;"GESTAO E PRESERVACAO DO MEIO AMBIENTE";3.061.400,00;2.252.260,00;2.252.212,02;1.945.367,12;1.737.535,58;77,15
;;;"MANUTENCAO DA SEMENTEIRA";;19.200,00;0,00;0,00;0,00;0,00;0,00
;;;;"MANUTENCAO DA SEMENTEIRA";19.200,00;0,00;0,00;0,00;0,00;0,00
;"Recuperacao de Areas Degradadas";;;;8.094.000,00;4.049.200,00;688.555,18;0,00;0,00;0,00
;;"CONTENCAO DAS ENCOSTAS";;;7.200.000,00;4.049.200,00;688.555,18;0,00;0,00;0,00
;;;"OBRAS DE PROTECAO DE ENCOSTAS";;7.200.000,00;4.049.200,00;688.555,18;0,00;0,00;0,00
;;;;"OBRAS DE PROTECAO DE ENCOSTAS";7.200.000,00;4.049.200,00;688.555,18;0,00;0,00;0,00
;;"VALORIZACAO DA ORLA DO PAULISTA";;;894.000,00;0,00;0,00;0,00;0,00;0,00
;;;"OBRAS DE PROTECAO LITORANEA CONTRA O AVANCO DO MAR";;894.000,00;0,00;0,00;0,00;0,00;0,00
;;;;"OBRAS DE PROTECAO LITORANEA CONTRA O AVANCO DO MAR";894.000,00;0,00;0,00;0,00;0,00;0,00
"Habitacao";;;;;538.000,00;102.080,00;102.061,74;93.412,44;77.843,70;76,27
;"Administracao Geral";;;;40.000,00;102.080,00;102.061,74;93.412,44;77.843,70;76,27
;;"APOIO ADMINISTRATIVO AS ACOES DE SECRETARIA DE HABILITACAO COM QUALIDADE";;;40.000,00;102.080,00;102.061,74;93.412,44;77.843,70;76,27
;;;"APOIO ADMINISTRATIVO A PROMOCAO DA POLITICA HABITACIONAL DO MUNICIPIO";;40.000,00;102.080,00;102.061,74;93.412,44;77.843,70;76,27
;;;;"APOIO ADMINISTRATIVO A PROMOCAO DA POLITICA HABITACIONAL DO MUNICIPIO";40.000,00;102.080,00;102.061,74;93.412,44;77.843,70;76,27
;"Habitacao Rural";;;;30.000,00;0,00;0,00;0,00;0,00;0,00
;;"MELHORIA DE MORADIA PARA A POPULACAO DE BAIXA RENDA";;;30.000,00;0,00;0,00;0,00;0,00;0,00
;;;"REGULARIZACAO DE ASSENTAMENTOS HABITACIONAIS";;30.000,00;0,00;0,00;0,00;0,00;0,00
;;;;"REGULARIZACAO DE ASSENTAMENTOS HABITACIONAIS";30.000,00;0,00;0,00;0,00;0,00;0,00
;"Habitacao Urbana";;;;432.000,00;0,00;0,00;0,00;0,00;0,00
;;"HABITACAO COM QUALIDADE";;;32.000,00;0,00;0,00;0,00;0,00;0,00
;;;"PROMOCAO DA POLITICA HABITACIONAL DO MUNICIPIO";;32.000,00;0,00;0,00;0,00;0,00;0,00
;;;;"PROMOCAO DA POLITICA HABITACIONAL DO MUNICIPIO";32.000,00;0,00;0,00;0,00;0,00;0,00
;;"MELHORIA DE MORADIA PARA A POPULACAO DE BAIXA RENDA";;;400.000,00;0,00;0,00;0,00;0,00;0,00
;;;"PROJETOS  CONSTRUCOES E REFORMAS DE PREDIOS CAIXOES";;400.000,00;0,00;0,00;0,00;0,00;0,00
;;;;"PROJETOS  CONSTRUCOES E REFORMAS DE PREDIOS CAIXOES";400.000,00;0,00;0,00;0,00;0,00;0,00
;"Planejamento e Orcamento";;;;36.000,00;0,00;0,00;0,00;0,00;0,00
;;"GESTAO DAS POLITICAS HABITACIONAIS DO MUNICIPIO";;;36.000,00;0,00;0,00;0,00;0,00;0,00
;;;"PLANEJAMENTO  ORCAMENTACAO E MONITORAMENTO DAS ACOES DA SECRETARIA DE DESENVOLVIMENTO URBANO E HABITACAO";;36.000,00;0,00;0,00;0,00;0,00;0,00
;;;;"PLANEJAMENTO  ORCAMENTACAO E MONITORAMENTO DAS ACOES DA SECRETARIA DE DESENVOLVIMENTO URBANO E HABITACAO";36.000,00;0,00;0,00;0,00;0,00;0,00
"Industria";;;;;30.000,00;0,00;0,00;0,00;0,00;0,00
;"Promocao Industrial";;;;30.000,00;0,00;0,00;0,00;0,00;0,00
;;"ESTIMULO AO DESENVOLVIMENTO ECONOMICO DO MUNICIPIO";;;30.000,00;0,00;0,00;0,00;0,00;0,00
;;;"APOIO A EMPREENDIMENTOS PARA O DESENVOLVIMENTO ECONOMICO DO MUNICIPIO";;30.000,00;0,00;0,00;0,00;0,00;0,00
;;;;"APOIO A EMPREENDIMENTOS PARA O DESENVOLVIMENTO ECONOMICO DO MUNICIPIO";30.000,00;0,00;0,00;0,00;0,00;0,00
"Legislativa";;;;;24.616.000,00;26.182.000,00;26.138.225,98;26.138.225,98;26.138.225,98;100,00
;"Acao Legislativa";;;;6.587.200,00;5.943.200,00;5.921.824,80;5.921.824,80;5.921.824,80;100,00
;;"GESTAO LEGISLATIVA EFICAZ";;;6.587.200,00;5.943.200,00;5.921.824,80;5.921.824,80;5.921.824,80;100,00
;;;"ACOES LEGISLATIVAS";;6.587.200,00;5.943.200,00;5.921.824,80;5.921.824,80;5.921.824,80;100,00
;;;;"ACOES LEGISLATIVAS";6.587.200,00;5.943.200,00;5.921.824,80;5.921.824,80;5.921.824,80;100,00
;"Administracao Geral";;;;18.028.800,00;20.238.800,00;20.216.401,18;20.216.401,18;20.216.401,18;100,00
;;"APOIO ADMINISTRATIVO AS ACOES DA CAMARA MUNICIPAL";;;17.928.800,00;20.238.800,00;20.216.401,18;20.216.401,18;20.216.401,18;100,00
;;;"GESTAO ADMINISTRATIVA DA CAMARA DE VEREADORES";;17.778.800,00;20.100.400,00;20.078.081,18;20.078.081,18;20.078.081,18;100,00
;;;;"GESTAO ADMINISTRATIVA DA CAMARA DE VEREADORES";17.778.800,00;20.100.400,00;20.078.081,18;20.078.081,18;20.078.081,18;100,00
;;;"INFORMATIZACAO DOS PROCESSOS ADMINISTRATIVOS DA CAMARA DE VEREADORES";;150.000,00;138.400,00;138.320,00;138.320,00;138.320,00;100,00
;;;;"INFORMATIZACAO DOS PROCESSOS ADMINISTRATIVOS DA CAMARA DE VEREADORES";150.000,00;138.400,00;138.320,00;138.320,00;138.320,00;100,00
;;"GESTAO LEGISLATIVA EFICAZ";;;100.000,00;0,00;0,00;0,00;0,00;0,00
;;;"REFORMA E AMPLIACAO DAS DEPENDENCIAS DA CAMARA MUNICIPAL";;100.000,00;0,00;0,00;0,00;0,00;0,00
;;;;"REFORMA E AMPLIACAO DAS DEPENDENCIAS DA CAMARA MUNICIPAL";100.000,00;0,00;0,00;0,00;0,00;0,00
"Previdencia Social";;;;;118.356.000,00;140.619.620,00;140.618.444,58;140.598.708,06;129.518.701,82;92,11
;"Administracao Geral";;;;4.242.400,00;6.416.680,00;6.415.562,10;6.395.825,58;6.227.171,82;97,06
;;"GESTAO DAS ACOES DO INSTITUTO DE PREVIDENCIA PREVIPAULISTA";;;4.242.400,00;6.416.680,00;6.415.562,10;6.395.825,58;6.227.171,82;97,06
;;;"DIRECAO  SUPERVISAO E COORDENACAO DAS ACOES DO INSTITUTO DE PREVIDENCIA";;1.688.800,00;2.175.840,00;2.175.778,76;2.175.778,76;2.175.778,76;100,00
;;;;"DIRECAO  SUPERVISAO E COORDENACAO DAS ACOES DO INSTITUTO DE PREVIDENCIA";1.688.800,00;2.175.840,00;2.175.778,76;2.175.778,76;2.175.778,76;100,00
;;;"GESTAO ADMINISTRATIVA DAS ACOES DO INSTITUTO DO PREVIPAULISTA";;2.493.600,00;4.240.840,00;4.239.783,34;4.220.046,82;4.051.393,06;95,56
;;;;"GESTAO ADMINISTRATIVA DAS ACOES DO INSTITUTO DO PREVIPAULISTA";2.493.600,00;4.240.840,00;4.239.783,34;4.220.046,82;4.051.393,06;95,56
;;;"IMPLANTACAO DA SEDE PROPRIA DO PREVIPAULISTA";;60.000,00;0,00;0,00;0,00;0,00;0,00
;;;;"IMPLANTACAO DA SEDE PROPRIA DO PREVIPAULISTA";60.000,00;0,00;0,00;0,00;0,00;0,00
;"Assistencia Comunitaria";;;;100.000,00;0,00;0,00;0,00;0,00;0,00
;;"GESTAO DAS ACOES DO INSTITUTO DE PREVIDENCIA PREVIPAULISTA";;;100.000,00;0,00;0,00;0,00;0,00;0,00
;;;"GESTAO SOCIAL DO PREVIPAULISTA";;100.000,00;0,00;0,00;0,00;0,00;0,00
;;;;"GESTAO SOCIAL DO PREVIPAULISTA";100.000,00;0,00;0,00;0,00;0,00;0,00
;"Previdencia do Regime Estatutario";;;;114.013.600,00;134.202.940,00;134.202.882,48;134.202.882,48;123.291.530,00;91,87
;;"GESTAO DAS ACOES DO INSTITUTO DE PREVIDENCIA PREVIPAULISTA";;;114.013.600,00;134.202.940,00;134.202.882,48;134.202.882,48;123.291.530,00;91,87
;;;"ENCARGOS COM INATIVOS E PENSIONISTAS DA CAMARA DE VEREADORES   FUNDO FINANCEIRO";;7.762.400,00;9.018.620,00;9.018.605,52;9.018.605,52;8.272.739,28;91,73
;;;;"ENCARGOS COM INATIVOS E PENSIONISTAS DA CAMARA DE VEREADORES   FUNDO FINANCEIRO";7.762.400,00;9.018.620,00;9.018.605,52;9.018.605,52;8.272.739,28;91,73
;;;"ENCARGOS COM INATIVOS E PENSIONISTAS DA SECRETARIA DE EDUCACAO   FUNDO FINANCEIRO";;66.370.000,00;79.107.080,00;79.107.065,02;79.107.065,02;72.713.114,96;91,92
;;;;"ENCARGOS COM INATIVOS E PENSIONISTAS DA SECRETARIA DE EDUCACAO   FUNDO FINANCEIRO";66.370.000,00;79.107.080,00;79.107.065,02;79.107.065,02;72.713.114,96;91,92
;;;"ENCARGOS COM INATIVOS E PENSIONISTAS DA SECRETARIA DE SAUDE FMS   FUNDO FINANCEIRO";;8.643.200,00;8.786.580,00;8.786.569,16;8.786.569,16;8.084.840,82;92,01
;;;;"ENCARGOS COM INATIVOS E PENSIONISTAS DA SECRETARIA DE SAUDE FMS   FUNDO FINANCEIRO";8.643.200,00;8.786.580,00;8.786.569,16;8.786.569,16;8.084.840,82;92,01
;;;"ENCARGOS COM INATIVOS E PENSIONISTAS DE OUTROS ORGAOS DA PREFEITURA   FUNDO FINANCEIRO";;31.238.000,00;37.290.660,00;37.290.642,78;37.290.642,78;34.220.834,94;91,77
;;;;"ENCARGOS COM INATIVOS E PENSIONISTAS DE OUTROS ORGAOS DA PREFEITURA   FUNDO FINANCEIRO";31.238.000,00;37.290.660,00;37.290.642,78;37.290.642,78;34.220.834,94;91,77
"Reserva de Contingencia";;;;;7.921.400,00;0,00;0,00;0,00;0,00;0,00
;"Reserva de Contigencia";;;;2.700.000,00;0,00;0,00;0,00;0,00;0,00
;;"RESERVA DE CONTINGENCIA";;;2.700.000,00;0,00;0,00;0,00;0,00;0,00
;;;"RESERVA DO REGIME PROPRIO DE PREVIDENCIA DO SERVIDOR";;2.700.000,00;0,00;0,00;0,00;0,00;0,00
;;;;"RESERVA DO REGIME PROPRIO DE PREVIDENCIA DO SERVIDOR";2.700.000,00;0,00;0,00;0,00;0,00;0,00
;"Reserva de Contingencia";;;;5.221.400,00;0,00;0,00;0,00;0,00;0,00
;;"RESERVA DE CONTINGENCIA";;;5.221.400,00;0,00;0,00;0,00;0,00;0,00
;;;"RESERVA DE CONTIGENCIA";;5.221.400,00;0,00;0,00;0,00;0,00;0,00
;;;;"RESERVA DE CONTIGENCIA";5.221.400,00;0,00;0,00;0,00;0,00;0,00
"Saneamento";;;;;200.000,00;0,00;0,00;0,00;0,00;0,00
;"Saneamento Basico Urbano";;;;200.000,00;0,00;0,00;0,00;0,00;0,00
;;"SANEAMENTO E VIDA";;;200.000,00;0,00;0,00;0,00;0,00;0,00
;;;"IMPLANTACAO E AMPLIACAO DE OBRAS DE SANEAMENTO";;200.000,00;0,00;0,00;0,00;0,00;0,00
;;;;"IMPLANTACAO E AMPLIACAO DE OBRAS DE SANEAMENTO";200.000,00;0,00;0,00;0,00;0,00;0,00
"Saude";;;;;179.519.600,00;190.761.220,00;180.788.194,02;171.559.925,46;157.522.358,58;87,13
;"Administracao Geral";;;;17.749.600,00;19.633.020,00;19.562.130,44;19.439.468,56;18.039.729,88;92,22
;;"APRIMORAMENTO DA GESTAO SUS E DO CONTROLE SOCIAL";;;17.745.600,00;19.633.020,00;19.562.130,44;19.439.468,56;18.039.729,88;92,22
;;;"DIRECAO  SUPERVISAO E COORDENACAO DAS ACOES DO FUNDO MUNICIPAL DE SAUDE";;538.800,00;0,00;0,00;0,00;0,00;0,00
;;;;"DIRECAO  SUPERVISAO E COORDENACAO DAS ACOES DO FUNDO MUNICIPAL DE SAUDE";538.800,00;0,00;0,00;0,00;0,00;0,00
;;;"FORTALECIMENTO DO CONTROLE SOCIAL DAS POLITICAS DE SAUDE";;140.000,00;18.700,00;18.065,40;18.065,40;16.753,18;92,74
;;;;"FORTALECIMENTO DO CONTROLE SOCIAL DAS POLITICAS DE SAUDE";140.000,00;18.700,00;18.065,40;18.065,40;16.753,18;92,74
;;;"GESTAO ADMINISTRATIVA DAS ACOES DO FUNDO MUNICIPAL DE SAUDE";;17.046.800,00;18.500.320,00;18.486.169,48;18.363.507,60;16.965.081,14;91,77
;;;;"GESTAO ADMINISTRATIVA DAS ACOES DO FUNDO MUNICIPAL DE SAUDE";17.046.800,00;18.500.320,00;18.486.169,48;18.363.507,60;16.965.081,14;91,77
;;;"REGULARIZACAO DE SALDOS DE RECURSOS DE CONVENIOS E PROGRAMAS DE SAUDE";;20.000,00;1.114.000,00;1.057.895,56;1.057.895,56;1.057.895,56;100,00
;;;;"REGULARIZACAO DE SALDOS DE RECURSOS DE CONVENIOS E PROGRAMAS DE SAUDE";20.000,00;1.114.000,00;1.057.895,56;1.057.895,56;1.057.895,56;100,00
;;"GESTAO DAS POLITICAS DE SAUDE DO MUNICIPIO";;;4.000,00;0,00;0,00;0,00;0,00;0,00
;;;"DIRECAO  SUPERVISAO E COORDENACAO DAS ACOES DA SAUDE";;4.000,00;0,00;0,00;0,00;0,00;0,00
;;;;"DIRECAO  SUPERVISAO E COORDENACAO DAS ACOES DA SAUDE";4.000,00;0,00;0,00;0,00;0,00;0,00
;"Assistencia Hospitalar e Ambulatorial";;;;45.601.800,00;50.069.920,00;44.934.450,60;42.369.578,88;40.435.701,02;89,99
;;"APERFEICOAMENTO DA ATENCAO ESPECIALIZADA EM SAUDE";;;45.601.800,00;50.069.920,00;44.934.450,60;42.369.578,88;40.435.701,02;89,99
;;;"DESENVOLVIMENTO E QUALIFICACAO DA REDE ESPECIALIZADA PROPRIA DE SAUDE";;19.602.000,00;21.098.020,00;18.746.569,70;18.478.679,12;16.986.310,16;90,61
;;;;"DESENVOLVIMENTO E QUALIFICACAO DA REDE ESPECIALIZADA PROPRIA DE SAUDE";19.602.000,00;21.098.020,00;18.746.569,70;18.478.679,12;16.986.310,16;90,61
;;;"FORTALECIMENTO DA REDE DE ATENCAO PSICOSSOCIAL";;1.180.000,00;1.061.860,00;1.036.620,96;980.004,60;922.851,56;89,02
;;;;"FORTALECIMENTO DA REDE DE ATENCAO PSICOSSOCIAL";1.180.000,00;1.061.860,00;1.036.620,96;980.004,60;922.851,56;89,02
;;;"MANUTENCAO DO CENTRO DE ESPECIALIDADES ODONTOLOGICAS   CEO";;60.000,00;60.000,00;7.839,42;7.839,42;7.513,28;95,84
;;;;"MANUTENCAO DO CENTRO DE ESPECIALIDADES ODONTOLOGICAS   CEO";60.000,00;60.000,00;7.839,42;7.839,42;7.513,28;95,84
;;;"MANUTENCAO E QUALIFICACAO DO SERVICO DE ATENDIMENTO MOVEL DE URGENCIA   SAMU";;4.360.000,00;4.446.600,00;3.621.810,12;3.568.963,58;3.330.698,90;91,96
;;;;"MANUTENCAO E QUALIFICACAO DO SERVICO DE ATENDIMENTO MOVEL DE URGENCIA   SAMU";4.360.000,00;4.446.600,00;3.621.810,12;3.568.963,58;3.330.698,90;91,96
;;;"MELHORIA DA INFRAESTRUTURA DA REDE ESPECIALIZADA PROPRIA DE SAUDE";;200.000,00;113.600,00;89.661,20;84.178,00;84.178,00;93,88
;;;;"MELHORIA DA INFRAESTRUTURA DA REDE ESPECIALIZADA PROPRIA DE SAUDE";200.000,00;113.600,00;89.661,20;84.178,00;84.178,00;93,88
;;;"OFERTA DE PROCEDIMENTOS DE MEDIA E ALTA COMPLEXIDADE AMBULATORIAL E HOSPITALAR   REDE COMPLEMENTAR";;20.199.800,00;23.289.840,00;21.431.949,20;19.249.914,16;19.104.149,12;89,14
;;;;"OFERTA DE PROCEDIMENTOS DE MEDIA E ALTA COMPLEXIDADE AMBULATORIAL E HOSPITALAR   REDE COMPLEMENTAR";20.199.800,00;23.289.840,00;21.431.949,20;19.249.914,16;19.104.149,12;89,14
;"Atencao Basica";;;;67.017.000,00;66.030.100,00;63.168.552,94;61.827.267,86;57.341.223,98;90,77
;;"CONSOLIDACAO E AMPLIACAO DA ATENCAO BASICA";;;67.017.000,00;66.030.100,00;63.168.552,94;61.827.267,86;57.341.223,98;90,77
;;;"DESENVOLVIMENTO DE ACOES PARA POLITICAS AFIRMATIVAS E ESTRATEGICAS";;80.000,00;0,00;0,00;0,00;0,00;0,00
;;;;"DESENVOLVIMENTO DE ACOES PARA POLITICAS AFIRMATIVAS E ESTRATEGICAS";80.000,00;0,00;0,00;0,00;0,00;0,00
;;;"EXECUCAO DO PROGRAMA  ACADEMIA DA SAUDE";;92.000,00;0,00;0,00;0,00;0,00;0,00
;;;;"EXECUCAO DO PROGRAMA  ACADEMIA DA SAUDE";92.000,00;0,00;0,00;0,00;0,00;0,00
;;;"EXPANSAO DO PROGRAMA   ACADEMIA DA SAUDE ";;240.000,00;402.020,00;374.684,56;374.684,56;374.684,56;100,00
;;;;"EXPANSAO DO PROGRAMA   ACADEMIA DA SAUDE ";240.000,00;402.020,00;374.684,56;374.684,56;374.684,56;100,00
;;;"EXPANSAO E APRIMORAMENTO DA INFRAESTRUTURA DA ATENCAO BASICA DE SAUDE";;1.844.000,00;1.790.000,00;1.437.648,90;1.231.100,06;1.164.740,54;81,02
;;;;"EXPANSAO E APRIMORAMENTO DA INFRAESTRUTURA DA ATENCAO BASICA DE SAUDE";1.844.000,00;1.790.000,00;1.437.648,90;1.231.100,06;1.164.740,54;81,02
;;;"FORTALECIMENTO E AMPLIACAO DA SAUDE BUCAL";;436.000,00;1.143.400,00;996.176,98;576.874,24;440.222,38;44,19
;;;;"FORTALECIMENTO E AMPLIACAO DA SAUDE BUCAL";436.000,00;1.143.400,00;996.176,98;576.874,24;440.222,38;44,19
;;;"MANUTENCAO E QUALIFICACAODA REDE BASICA DE SAUDE";;64.325.000,00;62.694.680,00;60.360.042,50;59.644.609,00;55.361.576,50;91,72
;;;;"MANUTENCAO E QUALIFICACAODA REDE BASICA DE SAUDE";64.325.000,00;62.694.680,00;60.360.042,50;59.644.609,00;55.361.576,50;91,72
;"Controle Ambiental";;;;7.158.000,00;7.901.300,00;7.590.332,42;7.545.181,52;7.012.362,52;92,39
;;"CONSOLIDACAO E APERFEICOAMENTO DO MODELO DE VIGILANCIA A SAUDE";;;7.158.000,00;7.901.300,00;7.590.332,42;7.545.181,52;7.012.362,52;92,39
;;;"FORTALECIMENTO DAS ACOES DE VIGILANCIA AMBIENTAL";;7.158.000,00;7.901.300,00;7.590.332,42;7.545.181,52;7.012.362,52;92,39
;;;;"FORTALECIMENTO DAS ACOES DE VIGILANCIA AMBIENTAL";7.158.000,00;7.901.300,00;7.590.332,42;7.545.181,52;7.012.362,52;92,39
;"Outros Encargos Especiais";;;;24.953.200,00;24.055.260,00;24.054.923,80;24.050.875,74;22.050.809,72;91,67
;;"APRIMORAMENTO DA GESTAO SUS E DO CONTROLE SOCIAL";;;24.953.200,00;24.055.260,00;24.054.923,80;24.050.875,74;22.050.809,72;91,67
;;;"CONTRIBUICAO PATRONAL DO FMS AO INSTITUTO DE PREVIDENCIA SOCIAL   INSS";;8.200.000,00;7.209.820,00;7.209.816,24;7.209.816,24;6.673.362,92;92,56
;;;;"CONTRIBUICAO PATRONAL DO FMS AO INSTITUTO DE PREVIDENCIA SOCIAL   INSS";8.200.000,00;7.209.820,00;7.209.816,24;7.209.816,24;6.673.362,92;92,56
;;;"CONTRIBUICAO PATRONAL DO FUNDO MUNICIPAL DE SAUDE AO PREVIPAULISTA";;11.373.200,00;12.275.800,00;12.275.689,36;12.275.689,36;11.227.860,66;91,46
;;;;"CONTRIBUICAO PATRONAL DO FUNDO MUNICIPAL DE SAUDE AO PREVIPAULISTA";11.373.200,00;12.275.800,00;12.275.689,36;12.275.689,36;11.227.860,66;91,46
;;;"ENCARGOS COM AUXILIO TRANSPORTE AOS SERVIDORES DA SAUDE";;5.380.000,00;4.569.640,00;4.569.418,20;4.565.370,14;4.149.586,14;90,81
;;;;"ENCARGOS COM AUXILIO TRANSPORTE AOS SERVIDORES DA SAUDE";5.380.000,00;4.569.640,00;4.569.418,20;4.565.370,14;4.149.586,14;90,81
;"Planejamento e Orcamento";;;;272.000,00;0,00;0,00;0,00;0,00;0,00
;;"APRIMORAMENTO DA GESTAO SUS E DO CONTROLE SOCIAL";;;272.000,00;0,00;0,00;0,00;0,00;0,00
;;;"FORTALECIMENTO DAS ACOES DE PLANEJAMENTO E GESTAO DA SAUDE";;272.000,00;0,00;0,00;0,00;0,00;0,00
;;;;"FORTALECIMENTO DAS ACOES DE PLANEJAMENTO E GESTAO DA SAUDE";272.000,00;0,00;0,00;0,00;0,00;0,00
;"Relacao de Trabalho";;;;40.000,00;0,00;0,00;0,00;0,00;0,00
;;"APRIMORAMENTO DA GESTAO SUS E DO CONTROLE SOCIAL";;;40.000,00;0,00;0,00;0,00;0,00;0,00
;;;"APERFEICOAMENTO DA GESTAO DO TRABALHO E EDUCACAO EM SAUDE";;40.000,00;0,00;0,00;0,00;0,00;0,00
;;;;"APERFEICOAMENTO DA GESTAO DO TRABALHO E EDUCACAO EM SAUDE";40.000,00;0,00;0,00;0,00;0,00;0,00
;"Suporte Profilatico e Terapeutico";;;;13.480.000,00;19.165.400,00;18.229.905,26;13.118.867,90;9.753.382,80;53,50
;;"QUALIFICAR A ASSISTENCIA FARMACEUTICA";;;13.480.000,00;19.165.400,00;18.229.905,26;13.118.867,90;9.753.382,80;53,50
;;;"DESENVOLVIMENTO DA POLITICA DE ASSISTENCIA FARMACEUTICA";;13.480.000,00;19.165.400,00;18.229.905,26;13.118.867,90;9.753.382,80;53,50
;;;;"DESENVOLVIMENTO DA POLITICA DE ASSISTENCIA FARMACEUTICA";13.480.000,00;19.165.400,00;18.229.905,26;13.118.867,90;9.753.382,80;53,50
;"Vigilancia Epidemiologica";;;;2.262.000,00;2.807.220,00;2.295.438,20;2.278.072,64;2.026.383,90;88,28
;;"CONSOLIDACAO E APERFEICOAMENTO DO MODELO DE VIGILANCIA A SAUDE";;;2.262.000,00;2.807.220,00;2.295.438,20;2.278.072,64;2.026.383,90;88,28
;;;"DESENVOLVIMENTO DAS ACOES DE VIGILANCIA EPIDEMIOLOGICA";;2.262.000,00;2.807.220,00;2.295.438,20;2.278.072,64;2.026.383,90;88,28
;;;;"DESENVOLVIMENTO DAS ACOES DE VIGILANCIA EPIDEMIOLOGICA";2.262.000,00;2.807.220,00;2.295.438,20;2.278.072,64;2.026.383,90;88,28
;"Vigilancia Sanitaria";;;;986.000,00;1.099.000,00;952.460,36;930.612,36;862.764,76;90,58
;;"CONSOLIDACAO E APERFEICOAMENTO DO MODELO DE VIGILANCIA A SAUDE";;;506.000,00;777.600,00;631.292,36;631.292,36;585.748,76;92,79
;;;"FORTALECIMENTO DAS ACOES DE VIGILANCIA SANITARIA";;506.000,00;777.600,00;631.292,36;631.292,36;585.748,76;92,79
;;;;"FORTALECIMENTO DAS ACOES DE VIGILANCIA SANITARIA";506.000,00;777.600,00;631.292,36;631.292,36;585.748,76;92,79
;;"GESTAO DE RESIDUOS SOLIDOS DOS SERVICOS DE SAUDE";;;480.000,00;321.400,00;321.168,00;299.320,00;277.016,00;86,25
;;;"COLETA DOS RESIDUOS SOLIDOS DOS SERVICOS DE SAUDE";;480.000,00;321.400,00;321.168,00;299.320,00;277.016,00;86,25
;;;;"COLETA DOS RESIDUOS SOLIDOS DOS SERVICOS DE SAUDE";480.000,00;321.400,00;321.168,00;299.320,00;277.016,00;86,25
"Seguranca Publica";;;;;12.869.920,00;17.941.240,00;17.941.013,10;17.935.893,10;16.541.309,96;92,20
;"Administracao Geral";;;;11.581.320,00;17.328.260,00;17.328.068,06;17.325.508,06;15.977.315,04;92,20
;;"APOIO ADMINISTRATIVO AS ACOES DO FUNDO MUNICIPAL DE SEGURANCA PUBLICA CIDADA";;;1.042.280,00;1.199.480,00;1.199.436,16;1.199.436,16;1.106.886,06;92,28
;;;"GESTAO ADMINISTRATIVA DAS ACOES DO FUNDO MUNICIPAL DE SEGURANCA PUBLICA CIDADA";;1.042.280,00;1.199.480,00;1.199.436,16;1.199.436,16;1.106.886,06;92,28
;;;;"GESTAO ADMINISTRATIVA DAS ACOES DO FUNDO MUNICIPAL DE SEGURANCA PUBLICA CIDADA";1.042.280,00;1.199.480,00;1.199.436,16;1.199.436,16;1.106.886,06;92,28
;;"GESTAO DAS POLITICAS DE SEGURANCA CIDADA";;;876.040,00;786.400,00;786.327,46;786.327,46;730.885,54;92,95
;;;"DIRECAO  SUPERVISAO E COORDENACAO DAS ACOES DA SECRETARIA DE SEGURANCA CIDADA E DEFESA CIVIL";;864.040,00;785.000,00;784.994,58;784.994,58;729.552,66;92,94
;;;;"DIRECAO  SUPERVISAO E COORDENACAO DAS ACOES DA SECRETARIA DE SEGURANCA CIDADA E DEFESA CIVIL";864.040,00;785.000,00;784.994,58;784.994,58;729.552,66;92,94
;;;"DIRECAO  SUPERVISAO E COORDENACAO DAS ACOES DO FUNDO MUNICIPAL DE SEGURANCA PUBLICA CIDADA";;12.000,00;1.400,00;1.332,88;1.332,88;1.332,88;100,00
;;;;"DIRECAO  SUPERVISAO E COORDENACAO DAS ACOES DO FUNDO MUNICIPAL DE SEGURANCA PUBLICA CIDADA";12.000,00;1.400,00;1.332,88;1.332,88;1.332,88;100,00
;;"GESTAO DOS PROCESSOS ADMINISTRATIVOS DO MUNICIPIO";;;9.663.000,00;15.342.380,00;15.342.304,44;15.339.744,44;14.139.543,44;92,16
;;;"PROMOCAO DAS ACOES DA GUARDA PATRIMONIAL";;9.663.000,00;15.342.380,00;15.342.304,44;15.339.744,44;14.139.543,44;92,16
;;;;"PROMOCAO DAS ACOES DA GUARDA PATRIMONIAL";9.663.000,00;15.342.380,00;15.342.304,44;15.339.744,44;14.139.543,44;92,16
;"Defesa Civil";;;;808.600,00;303.180,00;303.154,88;303.154,88;281.500,76;92,86
;;"SEGURANCA CIDADA";;;808.600,00;303.180,00;303.154,88;303.154,88;281.500,76;92,86
;;;"ACOES DE APOIO A DEFESA CIVIL";;808.600,00;303.180,00;303.154,88;303.154,88;281.500,76;92,86
;;;;"ACOES DE APOIO A DEFESA CIVIL";808.600,00;303.180,00;303.154,88;303.154,88;281.500,76;92,86
;"Informacoes e Inteligencia";;;;480.000,00;309.800,00;309.790,16;307.230,16;282.494,16;91,19
;;"SEGURANCA CIDADA";;;480.000,00;309.800,00;309.790,16;307.230,16;282.494,16;91,19
;;;"APOIO AS ACOES DE SEGURANCA CIDADA MUNICIPAL";;480.000,00;309.800,00;309.790,16;307.230,16;282.494,16;91,19
;;;;"APOIO AS ACOES DE SEGURANCA CIDADA MUNICIPAL";480.000,00;309.800,00;309.790,16;307.230,16;282.494,16;91,19
"Trabalho";;;;;120.000,00;0,00;0,00;0,00;0,00;0,00
;"Fomento ao Trabalho";;;;120.000,00;0,00;0,00;0,00;0,00;0,00
;;"ESTIMULO AO DESENVOLVIMENTO ECONOMICO DO MUNICIPIO";;;120.000,00;0,00;0,00;0,00;0,00;0,00
;;;"APOIO A GERACAO DE EMPREGO E RENDA DO MUNICIPIO";;40.000,00;0,00;0,00;0,00;0,00;0,00
;;;;"APOIO A GERACAO DE EMPREGO E RENDA DO MUNICIPIO";40.000,00;0,00;0,00;0,00;0,00;0,00
;;;"APOIO A IMPLANTACAO DE DISTRITO INDUSTRIAL";;80.000,00;0,00;0,00;0,00;0,00;0,00
;;;;"APOIO A IMPLANTACAO DE DISTRITO INDUSTRIAL";80.000,00;0,00;0,00;0,00;0,00;0,00
"Transporte";;;;;14.574.000,00;16.494.920,00;16.494.535,08;15.768.280,42;14.741.252,22;89,37
;"Administracao Geral";;;;3.186.000,00;4.883.660,00;4.883.367,44;4.362.848,78;4.217.331,96;86,36
;;"APOIO ADMINISTRATIVO AS ACOES DE SECRETARIA DA DESENVOLVIMENTO DE MOBILIDADE E TRANSPORTE";;;2.416.000,00;4.346.860,00;4.346.598,10;3.826.079,44;3.718.608,16;85,55
;;;"GESTAO ADMINISTRATIVA DAS ACOES DA SECRETARIA DE MOBILIDADE E ADMINISTRACAO DAS REGIONAIS";;2.416.000,00;4.346.860,00;4.346.598,10;3.826.079,44;3.718.608,16;85,55
;;;;"GESTAO ADMINISTRATIVA DAS ACOES DA SECRETARIA DE MOBILIDADE E ADMINISTRACAO DAS REGIONAIS";2.416.000,00;4.346.860,00;4.346.598,10;3.826.079,44;3.718.608,16;85,55
;;"GESTAO DAS POLITICAS DE MOBILIDADE E TRANSPORTE DO MUNICIPIO";;;770.000,00;536.800,00;536.769,34;536.769,34;498.723,80;92,91
;;;"DIRECAO  SUPERVISAO E COORDENACAO DAS ACOES DA SECRETARIA DE MOBILIDADE E ADMINISTRACAO DAS REGIONAIS";;770.000,00;536.800,00;536.769,34;536.769,34;498.723,80;92,91
;;;;"DIRECAO  SUPERVISAO E COORDENACAO DAS ACOES DA SECRETARIA DE MOBILIDADE E ADMINISTRACAO DAS REGIONAIS";770.000,00;536.800,00;536.769,34;536.769,34;498.723,80;92,91
;"Planejamento e Orcamento";;;;42.000,00;0,00;0,00;0,00;0,00;0,00
;;"GESTAO DAS POLITICAS DE MOBILIDADE E TRANSPORTE DO MUNICIPIO";;;42.000,00;0,00;0,00;0,00;0,00;0,00
;;;"PLANEJAMENTO  ORCAMENTACAO E MONITORAMENTO DAS ACOES DA SECRETARIA DE MOBILIDADE E ADMINISTRACAO DAS REGIONAIS";;42.000,00;0,00;0,00;0,00;0,00;0,00
;;;;"PLANEJAMENTO  ORCAMENTACAO E MONITORAMENTO DAS ACOES DA SECRETARIA DE MOBILIDADE E ADMINISTRACAO DAS REGIONAIS";42.000,00;0,00;0,00;0,00;0,00;0,00
;"Transporte Rodoviario";;;;11.346.000,00;11.611.260,00;11.611.167,64;11.405.431,64;10.523.920,26;90,64
;;"FISCALIZACAO E CONTROLE DO TRAFEGO URBANO";;;11.236.000,00;11.405.460,00;11.405.431,64;11.405.431,64;10.523.920,26;92,27
;;;"SERVICO DE CONTROLE E SEGURANCA DE TRAFEGO URBANO";;11.236.000,00;11.405.460,00;11.405.431,64;11.405.431,64;10.523.920,26;92,27
;;;;"SERVICO DE CONTROLE E SEGURANCA DE TRAFEGO URBANO";11.236.000,00;11.405.460,00;11.405.431,64;11.405.431,64;10.523.920,26;92,27
;;"GESTAO DO TRANSITO E DO TRANSPORTE MUNICIPAL";;;110.000,00;205.800,00;205.736,00;0,00;0,00;0,00
;;;"IMPLEMENTACAO DO PLANO MUNICIPAL DE CIRCULACAO E DO SISTEMA DE TRANSPORTE MUNICIPAL DE PASSAGEIROS";;110.000,00;205.800,00;205.736,00;0,00;0,00;0,00
;;;;"IMPLEMENTACAO DO PLANO MUNICIPAL DE CIRCULACAO E DO SISTEMA DE TRANSPORTE MUNICIPAL DE PASSAGEIROS";110.000,00;205.800,00;205.736,00;0,00;0,00;0,00
"Urbanismo";;;;;174.401.200,00;167.912.740,00;145.445.655,48;125.033.275,68;114.943.669,80;79,03
;"Administracao Geral";;;;17.839.600,00;19.342.120,00;19.341.866,98;19.241.375,38;17.660.750,28;91,31
;;"APOIO ADMINISTRATIVO AS ACOES DE SECRETARIA DE INFRAESTRUTURA";;;7.113.000,00;10.099.980,00;10.099.888,96;10.078.738,96;9.309.840,90;92,18
;;;"CONSTRUCAO REFORMA DE PREDIOS PUBLICOS";;120.000,00;287.980,00;287.975,22;287.975,22;287.975,22;100,00
;;;;"CONSTRUCAO REFORMA DE PREDIOS PUBLICOS";120.000,00;287.980,00;287.975,22;287.975,22;287.975,22;100,00
;;;"CONTRUCAO E REFORMA DE PREDIOS PUBLICOS";;20.000,00;0,00;0,00;0,00;0,00;0,00
;;;;"CONTRUCAO E REFORMA DE PREDIOS PUBLICOS";20.000,00;0,00;0,00;0,00;0,00;0,00
;;;"GESTAO ADMINISTRATIVA DAS ACOES DA SECRETARIA DE INFRAESTRUTURA  SERVICOS PUBLICOS E MEIO AMBIENTE";;6.973.000,00;9.812.000,00;9.811.913,74;9.790.763,74;9.021.865,68;91,95
;;;;"GESTAO ADMINISTRATIVA DAS ACOES DA SECRETARIA DE INFRAESTRUTURA  SERVICOS PUBLICOS E MEIO AMBIENTE";6.973.000,00;9.812.000,00;9.811.913,74;9.790.763,74;9.021.865,68;91,95
;;"APOIO ADMINISTRATIVO AS ACOES DE SECRETARIA DESENVOLVIMENTO URBANO";;;6.049.600,00;6.123.440,00;6.123.391,72;6.044.050,12;5.531.535,62;90,33
;;;"GESTAO ADMINISTRATIVA DAS ACOES DA SECRETARIA DE DESENVOLVIMENTO URBANO E HABITACAO";;6.049.600,00;6.123.440,00;6.123.391,72;6.044.050,12;5.531.535,62;90,33
;;;;"GESTAO ADMINISTRATIVA DAS ACOES DA SECRETARIA DE DESENVOLVIMENTO URBANO E HABITACAO";6.049.600,00;6.123.440,00;6.123.391,72;6.044.050,12;5.531.535,62;90,33
;;"CIDADE ILUMINADA";;;1.210.000,00;0,00;0,00;0,00;0,00;0,00
;;;"DIRECAO  SUPERVISAO E COORDENACAO DAS ACOES DO FUNDO MUNICIPAL DE ILUMINACAO PUBLICA";;1.210.000,00;0,00;0,00;0,00;0,00;0,00
;;;;"DIRECAO  SUPERVISAO E COORDENACAO DAS ACOES DO FUNDO MUNICIPAL DE ILUMINACAO PUBLICA";1.210.000,00;0,00;0,00;0,00;0,00;0,00
;;"GESTAO DA POLITICA DE ACAO SECRETARIA DE INFRAESTRUTURA";;;2.886.400,00;2.561.780,00;2.561.756,78;2.561.756,78;2.303.536,24;89,92
;;;"DIRECAO  SUPERVISAO E COORDENACAO DAS ACOES DA SECRETARIA DE INFRAESTRUTURA  SERVICOS PUBLICOS E MEIO AMBIENTE";;2.886.400,00;2.561.780,00;2.561.756,78;2.561.756,78;2.303.536,24;89,92
;;;;"DIRECAO  SUPERVISAO E COORDENACAO DAS ACOES DA SECRETARIA DE INFRAESTRUTURA  SERVICOS PUBLICOS E MEIO AMBIENTE";2.886.400,00;2.561.780,00;2.561.756,78;2.561.756,78;2.303.536,24;89,92
;;"GESTAO DAS POLITICAS DE DESENVOLVIMENTO URBANO E HABITACAO";;;580.600,00;556.920,00;556.829,52;556.829,52;515.837,52;92,64
;;;"DIRECAO  SUPERVISAO E COORDENACAO DAS ACOES DA SECRETARIA DE DESENVOLVIMENTO URBANO E HABITACAO";;580.600,00;556.920,00;556.829,52;556.829,52;515.837,52;92,64
;;;;"DIRECAO  SUPERVISAO E COORDENACAO DAS ACOES DA SECRETARIA DE DESENVOLVIMENTO URBANO E HABITACAO";580.600,00;556.920,00;556.829,52;556.829,52;515.837,52;92,64
;"Infra Estrutura Urbana";;;;70.977.000,00;69.266.140,00;55.111.771,56;42.626.507,02;39.438.852,70;71,56
;;"CIDADE ILUMINADA";;;34.118.000,00;37.656.800,00;37.656.750,64;36.920.471,82;34.013.905,38;90,33
;;;"AMPLIACAO DA REDE DE ILUMINACAO PUBLICA";;5.060.000,00;0,00;0,00;0,00;0,00;0,00
;;;;"AMPLIACAO DA REDE DE ILUMINACAO PUBLICA";5.060.000,00;0,00;0,00;0,00;0,00;0,00
;;;"GESTAO DOS SERVICOS DE ILUMINACAO PUBLICA";;29.058.000,00;37.656.800,00;37.656.750,64;36.920.471,82;34.013.905,38;90,33
;;;;"GESTAO DOS SERVICOS DE ILUMINACAO PUBLICA";29.058.000,00;37.656.800,00;37.656.750,64;36.920.471,82;34.013.905,38;90,33
;;"MELHORIA DA MALHA VIARIA MUNICIPAL";;;29.159.000,00;31.009.340,00;17.455.020,92;5.706.035,20;5.424.947,32;31,08
;;;"MELHORIA DA REDE VIARIA MUNICIPAL";;29.159.000,00;31.009.340,00;17.455.020,92;5.706.035,20;5.424.947,32;31,08
;;;;"MELHORIA DA REDE VIARIA MUNICIPAL";29.159.000,00;31.009.340,00;17.455.020,92;5.706.035,20;5.424.947,32;31,08
;;"MELHORIA DE MORADIA PARA A POPULACAO DE BAIXA RENDA";;;7.200.000,00;600.000,00;0,00;0,00;0,00;0,00
;;;"URBANIZACAO DE ASSENTAMENTOS PRECARIOS";;7.200.000,00;600.000,00;0,00;0,00;0,00;0,00
;;;;"URBANIZACAO DE ASSENTAMENTOS PRECARIOS";7.200.000,00;600.000,00;0,00;0,00;0,00;0,00
;;"VALORIZACAO DA ORLA DO PAULISTA";;;500.000,00;0,00;0,00;0,00;0,00;0,00
;;;"PROJETO ORLA";;500.000,00;0,00;0,00;0,00;0,00;0,00
;;;;"PROJETO ORLA";500.000,00;0,00;0,00;0,00;0,00;0,00
;"Ordenamento Territorial";;;;10.790.400,00;12.035.760,00;5.392.319,52;2.991.319,52;2.700.605,64;50,08
;;"FORTALECIMENTO DAS ACOES DE DESENVOLVIMENTO URBANO";;;10.790.400,00;12.035.760,00;5.392.319,52;2.991.319,52;2.700.605,64;50,08
;;;"ACOES DE CONTROLE DO DESENVOLVIMENTO URBANO";;1.087.600,00;1.042.180,00;1.042.155,86;1.042.155,86;991.477,56;95,14
;;;;"ACOES DE CONTROLE DO DESENVOLVIMENTO URBANO";1.087.600,00;1.042.180,00;1.042.155,86;1.042.155,86;991.477,56;95,14
;;;"COORDENACAO E ELABORACAO DE PLANOS  PROJETOS E ORCAMENTOS";;399.800,00;286.940,00;286.930,42;286.930,42;264.801,50;92,29
;;;;"COORDENACAO E ELABORACAO DE PLANOS  PROJETOS E ORCAMENTOS";399.800,00;286.940,00;286.930,42;286.930,42;264.801,50;92,29
;;;"FORTALECIMENTO DO CONTROLE URBANO   PMAT";;10.000,00;0,00;0,00;0,00;0,00;0,00
;;;;"FORTALECIMENTO DO CONTROLE URBANO   PMAT";10.000,00;0,00;0,00;0,00;0,00;0,00
;;;"GESTAO DO CADASTRO TECNICO MUNICIPAL";;180.000,00;461.740,00;461.733,24;461.733,24;415.326,58;89,95
;;;;"GESTAO DO CADASTRO TECNICO MUNICIPAL";180.000,00;461.740,00;461.733,24;461.733,24;415.326,58;89,95
;;;"IMPLEMENTACAO DO CADASTRO TECINO MUNICIPAL   PMAT";;8.807.000,00;9.938.900,00;3.601.500,00;1.200.500,00;1.029.000,00;28,57
;;;;"IMPLEMENTACAO DO CADASTRO TECINO MUNICIPAL   PMAT";8.807.000,00;9.938.900,00;3.601.500,00;1.200.500,00;1.029.000,00;28,57
;;;"MELHORIA DAS ACOES DE CONTROLE URBANO  PMAT";;306.000,00;306.000,00;0,00;0,00;0,00;0,00
;;;;"MELHORIA DAS ACOES DE CONTROLE URBANO  PMAT";306.000,00;306.000,00;0,00;0,00;0,00;0,00
;"Planejamento e Orcamento";;;;1.934.200,00;1.609.860,00;1.609.836,04;1.609.836,04;1.477.936,42;91,81
;;"GESTAO DA POLITICA DE ACAO SECRETARIA DE INFRAESTRUTURA";;;1.934.200,00;1.609.860,00;1.609.836,04;1.609.836,04;1.477.936,42;91,81
;;;"COORDENACAO E ELABORACAO DE PLANOS E PROJETOS ESPECIAIS";;1.562.400,00;1.322.480,00;1.322.461,56;1.322.461,56;1.215.148,74;91,89
;;;;"COORDENACAO E ELABORACAO DE PLANOS E PROJETOS ESPECIAIS";1.562.400,00;1.322.480,00;1.322.461,56;1.322.461,56;1.215.148,74;91,89
;;;"PLANEJAMENTO  ORCAMENTARIO E MONITORAMENTE DAS ACOES DA SECRETARIA DE INFRAESTRUTURA  SERVICOS PUBLICOS E MEIO AMBIENTE";;6.000,00;0,00;0,00;0,00;0,00;0,00
;;;;"PLANEJAMENTO  ORCAMENTARIO E MONITORAMENTE DAS ACOES DA SECRETARIA DE INFRAESTRUTURA  SERVICOS PUBLICOS E MEIO AMBIENTE";6.000,00;0,00;0,00;0,00;0,00;0,00
;;;"SUPERVISAO E ELABORACAO DE PROJETOS DE OBRAS DA INFRAESTRUTURA DO MUNICIPIO";;365.800,00;287.380,00;287.374,48;287.374,48;262.787,68;91,44
;;;;"SUPERVISAO E ELABORACAO DE PROJETOS DE OBRAS DA INFRAESTRUTURA DO MUNICIPIO";365.800,00;287.380,00;287.374,48;287.374,48;262.787,68;91,44
;"Servicos Urbanos";;;;72.860.000,00;65.658.860,00;63.989.861,38;58.564.237,72;53.665.524,76;83,87
;;"DRENAGEM URBANA";;;4.382.000,00;6.617.760,00;6.617.754,50;6.617.754,50;6.617.754,50;100,00
;;;"FABRICACAO DE PRE MOLDADOS DE CIMENTO";;80.000,00;0,00;0,00;0,00;0,00;0,00
;;;;"FABRICACAO DE PRE MOLDADOS DE CIMENTO";80.000,00;0,00;0,00;0,00;0,00;0,00
;;;"LIMPEZA E CONSERVACAO DE CANAIS E GALERIAS";;4.302.000,00;6.617.760,00;6.617.754,50;6.617.754,50;6.617.754,50;100,00
;;;;"LIMPEZA E CONSERVACAO DE CANAIS E GALERIAS";4.302.000,00;6.617.760,00;6.617.754,50;6.617.754,50;6.617.754,50;100,00
;;"MELHORIA DA MALHA VIARIA MUNICIPAL";;;560.000,00;311.620,00;311.576,50;211.633,70;211.633,70;67,92
;;;"CONSERVACAO DE VIAS URBANAS";;560.000,00;311.620,00;311.576,50;211.633,70;211.633,70;67,92
;;;;"CONSERVACAO DE VIAS URBANAS";560.000,00;311.620,00;311.576,50;211.633,70;211.633,70;67,92
;;"MELHORIA DO PAISAGISMO URBANO";;;246.200,00;44.140,00;44.137,00;44.137,00;11.615,00;26,32
;;;"CONSERVACAO DE PRACAS E AREAS DE LAZER";;246.200,00;44.140,00;44.137,00;44.137,00;11.615,00;26,32
;;;;"CONSERVACAO DE PRACAS E AREAS DE LAZER";246.200,00;44.140,00;44.137,00;44.137,00;11.615,00;26,32
;;"MELHORIA DOS CEMITERIOS";;;73.200,00;26.340,00;26.166,62;12.228,62;12.228,62;46,73
;;;"MANUTENCAO E CONSERVACAO DOS CEMITERIOS";;73.200,00;26.340,00;26.166,62;12.228,62;12.228,62;46,73
;;;;"MANUTENCAO E CONSERVACAO DOS CEMITERIOS";73.200,00;26.340,00;26.166,62;12.228,62;12.228,62;46,73
;;"OTIMIZACAO DAS FEIRAS E MERCADOS PUBLICOS";;;6.116.000,00;5.012.000,00;3.343.321,76;3.149.536,40;3.148.682,56;94,18
;;;"CONSTRUCAO REFORMA DE MERCADOS E ESTRUTURACAO FISICA DE FEIRAS PUBLICAS";;6.116.000,00;5.012.000,00;3.343.321,76;3.149.536,40;3.148.682,56;94,18
;;;;"CONSTRUCAO REFORMA DE MERCADOS E ESTRUTURACAO FISICA DE FEIRAS PUBLICAS";6.116.000,00;5.012.000,00;3.343.321,76;3.149.536,40;3.148.682,56;94,18
;;"PROMOCAO DOS SERVICOS DE LIMPEZA URBANA";;;55.620.000,00;49.827.620,00;49.827.580,54;45.291.778,66;41.048.258,64;82,38
;;;"MANUTENCAO DE VEICULOS  MAQUINAS E EQUIPAMENTOS";;420.000,00;391.440,00;391.426,34;391.426,34;180.860,66;46,21
;;;;"MANUTENCAO DE VEICULOS  MAQUINAS E EQUIPAMENTOS";420.000,00;391.440,00;391.426,34;391.426,34;180.860,66;46,21
;;;"MANUTENCAO DO ATERRO SANITARIO NORTE";;5.700.000,00;7.294.180,00;7.294.173,34;6.770.115,56;6.246.057,78;85,63
;;;;"MANUTENCAO DO ATERRO SANITARIO NORTE";5.700.000,00;7.294.180,00;7.294.173,34;6.770.115,56;6.246.057,78;85,63
;;;"MANUTENCAO DOS SERVICOS DE COLETA DE LIXO E LIMPEZA URBANA";;49.500.000,00;42.142.000,00;42.141.980,86;38.130.236,76;34.621.340,20;82,15
;;;;"MANUTENCAO DOS SERVICOS DE COLETA DE LIXO E LIMPEZA URBANA";49.500.000,00;42.142.000,00;42.141.980,86;38.130.236,76;34.621.340,20;82,15
;;"SERVICOS URBANOS SUSTENTAVEIS";;;5.862.600,00;3.819.380,00;3.819.324,46;3.237.168,84;2.615.351,74;68,48
;;;"APOIO AS ACOES DE SERVICOS URBANOS";;5.862.600,00;3.819.380,00;3.819.324,46;3.237.168,84;2.615.351,74;68,48
;;;;"APOIO AS ACOES DE SERVICOS URBANOS";5.862.600,00;3.819.380,00;3.819.324,46;3.237.168,84;2.615.351,74;68,48
